site	lightgbm_review_gene_site	lightgbm_review_mean_shap_passage	lightgbm_review_mean_shap_date	lightgbm_review_dnds	lightgbm_review_mean_leisr	lightgbm_review_mean_entropy	lightgbm_review_pval_positive_selection	lightgbm_review_mean_shap_passage_rank	lightgbm_review_mean_shap_date_rank	lightgbm_review_dnds_rank	lightgbm_review_mean_leisr_rank	lightgbm_review_mean_entropy_rank
1	17	1.1108790711590211e-06	0.0	0.5511341379105748	1.038302456634724	0.015278290672456	0.0095862484907736	216	145	87	180	199
2	18	0.00011348271944749394	3.4647222608166807e-06	0.5462421002694756	3.610556700945159	0.1222805305687585	0.0051808159655159	96	49	88	32	78
3	19	0.0020118178901316	0.00014841744587305747	0.999936166922418	4.893312526483603	0.7477423836323397	0.0031249037092211	14	2	43	10	16
4	20	5.81807324039923e-07	0.0	0.466215364283842	1.665245202558635	0.0162162077069411	0.00013230274193054	233	145	114	109	190
5	21	0.00020169796427787573	2.566046464656769e-06	0.4362301643202786	4.069497426919553	0.1476570680602035	3.292578278772258e-06	78	56	122	24	71
6	22	4.031624276846587e-05	2.0921580516312186e-07	0.8995218577852546	1.825900469965772	0.0459606036166229	0.3733692356402947	134	109	53	94	114
7	23	1.9869837962435124e-05	0.0	1.241674243014987	1.941609060155906	0.0253185323319025	0.6873262362656632	154	145	22	86	152
8	24	0.0001423593133367615	6.041466125019605e-07	0.4978281683521384	1.655446842438277	0.0401703691075318	0.00089580943849717	85	84	102	112	120
9	25	7.142555392181857e-05	1.837394084621687e-06	1.4637475258878885	3.410024527394831	0.0568000650977325	0.8460443114169681	113	61	16	37	104
10	26	0.00017214153485821778	8.396959736348315e-07	0.4287825519326432	2.852166235554865	0.1009315303877719	2.502675465270106e-13	81	78	129	55	87
11	27	0.0	0.0	0.0661659425737115	0.2425389703651312	0.0019296871847121	5.136240388924951e-11	279	145	354	328	378
12	28	4.759375555606479e-05	0.0	0.2213297149321755	1.379391275795408	0.0205214004572242	3.068066629759638e-16	124	145	201	137	168
13	29	0.0	0.0	0.0725090122367602	0.0826930068364431	0.001280511389093	3.6987093311762e-10	279	145	335	390	401
14	30	0.0	0.0	0.0047022804904878	0.0	0.0	3.532947040150696e-17	279	145	522	445	493
15	31	0.0	0.0	0.6139757046207256	1.242886171914791	0.0096296742966558	0.0790272110346999	279	145	76	156	241
16	32	0.0	0.0	0.0258479242728511	0.0825694155589837	0.00042683807238891	8.895278703034268e-28	279	145	446	403	447
17	33	0.0	0.0	0.0312749278549414	0.0779536171649884	0.00085367520209467	3.499422026474212e-16	279	145	412	441	418
18	34	0.0	0.0	0.1501824220297851	0.3900745537767779	0.0056201690080346	8.907647532842781e-05	279	145	244	285	282
19	35	4.663550664042204e-05	0.0	0.1948957835586768	0.4042152133032187	0.0064902164760511	0.0010627173387444	125	145	217	275	272
20	36	0.0	0.0	0.1274117927159913	0.6394108253094037	0.0062181786768786	3.493066454521383e-09	279	145	267	226	273
21	37	0.000272103544916108	3.864620015512203e-08	0.4288493689726594	1.190672136880034	0.0757346368293907	0.0022608003638117	68	133	128	161	93
22	38	0.0	0.0	0.0273052234513902	0.1652478288328031	0.0016050997582803	3.038078534506842e-27	279	145	429	356	392
23	39	0.0	0.0	0.0025047468724028	0.0	0.0	6.364298280610983e-26	279	145	539	445	493
24	40	1.8987276266454012e-06	0.0	0.1261390893890175	0.892614348467205	0.0070064861771723	6.001113925161593e-31	203	145	268	196	268
25	41	0.0003071076401519491	9.835959137121502e-08	1.2134621167660584	4.907152342921133	0.2096315977878212	0.4242492625970153	62	120	24	9	55
26	42	0.0	0.0	0.0096236835221989	0.0	0.0	1.2390876230347509e-15	279	145	492	445	493
27	43	9.1683837901719e-06	0.0	0.2090855237943193	1.145969469000258	0.0135404304511231	6.473600524946923e-06	174	145	208	166	209
28	44	0.0	0.0	0.0746101454177062	0.2431421127984135	0.0018374185700438	6.00907280811465e-08	279	145	326	324	382
29	45	5.839551534222684e-08	0.0	0.1717907736919606	0.5044181985112755	0.0057720604113482	1.082502458674402e-07	269	145	229	246	279
30	46	4.958001861117698e-05	8.516027285278914e-07	0.264327366303678	0.811483938004545	0.027603114189329	8.607085274000588e-07	123	76	172	203	143
31	47	0.00024220093975341168	6.257470492654698e-07	1.37339937685591	3.916149297995348	0.1753512832903562	0.6823825952456006	70	82	19	26	63
32	48	2.0706046998788689e-07	0.0	0.3355441625822329	0.9695157964669948	0.0142298372891636	0.00068812117990891	255	145	150	191	205
33	49	0.0016017999971189	3.402187438115548e-05	1.0005134223613288	4.851703538814923	0.5263315482604184	0.00090923930498368	17	17	40	11	29
34	50	5.16604356225584e-05	0.0	0.8901136959709	1.936983627892745	0.025964200927006	0.3566432255554604	121	145	54	88	149
35	51	0.0	0.0	0.0630451272225997	0.0804064543322552	0.00080255176455473	4.516797888956417e-09	279	145	365	419	434
36	52	0.0	0.0	0.0052686174749469	0.0	0.0	5.281678503300137e-17	279	145	520	445	493
37	53	0.0	0.0	0.0262232608282798	0.0809933772243387	0.0015028528832004	1.2541266543301e-19	279	145	440	406	398
38	54	0.0	0.0	0.0675887244878808	0.0826035725261293	0.0020126378377587	3.9798275249296886e-08	279	145	348	398	370
39	55	0.0	0.0	0.0267931265095698	0.1616631196853783	0.001229387951553	1.186806604237182e-18	279	145	436	367	404
40	56	0.0	0.0	0.0636067727511753	0.1619950629221069	0.0016562231958202	1.3740150873612568e-11	279	145	362	363	388
41	57	0.0	0.0	0.0031375252769846	0.0	0.0	6.6602165529859096e-43	279	145	532	445	493
42	58	2.2793610896701657e-07	0.0	0.1089022169073033	0.2486904622237521	0.0028011969321538	2.515228350657161e-09	253	145	286	310	343
43	59	0.0	0.0	0.2049410578420642	1.43811218543626	0.0121372372512194	2.524318728112055e-09	279	145	209	130	218
44	60	1.3628458421739973e-06	0.0	0.3196922882668249	0.5587118005185987	0.0061513599042572	2.384785258820757e-05	211	145	158	242	274
45	61	0.0003044750220480016	2.1050188443889687e-05	0.5011776215661521	2.905398292540597	0.4476368468968356	0.0015319551891067	63	21	99	50	36
46	62	4.511721877534666e-05	1.137082267502698e-07	0.6212264063833607	2.078064421790032	0.0867018643177492	0.0023083309899315	127	117	75	80	90
47	63	4.558564120957976e-05	4.370395811521787e-07	0.5334034900860029	1.15851407890808	0.0506122657808638	0.0353144829470155	126	91	93	164	108
48	64	0.0002695106237423312	5.01908766140284e-06	0.6122933612037197	3.115701141420865	0.5269197209475365	0.0514944581954924	69	39	77	46	28
49	65	3.137240412762214e-05	0.0	0.775090092349365	2.317541634818765	0.0386620301448419	0.1641653237666421	142	145	59	70	123
50	66	0.0005841546729615947	4.448688001857145e-06	1.0851906280084778	3.401939613072605	0.4191977338948542	0.2414005052556098	44	42	29	38	38
51	67	2.3580147520672915e-07	0.0	0.1719070477618845	0.5882576932224677	0.0073624917707272	0.0020076627289494	251	145	228	228	262
52	68	0.0	0.0	0.0038517973866823	0.0	0.0	3.795039047897021e-23	279	145	524	445	493
53	69	0.00039544004583244287	1.9611934188425687e-06	2.4784649455654444	10.94429123019586	0.3610467700414609	0.99991038306648	57	60	6	1	41
54	70	2.8266042918950573e-05	2.8176305430889345e-07	0.322817191406643	2.738552675053186	0.0380397809598838	1.579893299486253e-10	146	101	157	58	124
55	71	0.0	0.0	0.0329524640277041	0.3169310140182599	0.0038911780154421	4.929023943126484e-16	279	145	407	304	318
56	72	3.824124721152362e-05	1.0660370864886524e-06	0.1827996164177275	1.251491613193741	0.1235816700221739	3.220345036261952e-12	137	71	224	153	77
57	73	0.0005477540626502685	3.036292482010624e-07	0.4319791060733497	2.164780211550395	0.1298350945132975	2.484483352892401e-06	50	99	127	74	73
58	74	0.00068652832695807	2.4029868861973214e-07	0.9335356705920872	2.864999438128473	0.1382619440245377	0.0200285142595655	42	106	51	54	72
59	75	1.678765343097222e-05	0.0	0.4927591463704072	1.243270536706982	0.0132960866997954	0.0176551026534626	158	145	104	155	212
60	76	0.0	0.0	0.1199860381025427	0.080694661413194	0.00085367520209467	5.88629359704084e-05	279	145	277	412	418
61	77	0.0	0.0	0.0025013215302558	0.0	0.0	7.36446946487629e-29	279	145	542	445	493
62	78	0.0004350430489648728	6.120285899106532e-06	1.0690917928616883	4.488474204171243	0.986057207874904	0.1150974231683712	54	34	31	21	6
63	79	5.294627993159517e-08	0.0	0.3365063101941297	1.241496626708879	0.0101810143370493	7.831529592227834e-06	271	145	149	158	234
64	80	0.0	0.0	0.0638355225531211	0.0789371376203656	0.00042683807238891	1.473916358492595e-09	279	145	360	439	447
65	81	0.0	0.0	0.167492129911235	0.567398119122257	0.0038207583558689	4.239706277925164e-08	279	145	231	240	322
66	82	0.0	0.0	0.348909018070636	0.5794705774799371	0.0060466599125907	2.971712533139209e-06	279	145	145	231	275
67	83	3.134085998061336e-05	0.0	0.3622474083950777	1.8534741047225	0.0273840099890975	0.0137333279741481	143	145	142	91	145
68	84	0.0	0.0	0.0695917240058059	0.080694661413194	0.00080255176455473	4.818683482314138e-08	279	145	341	412	434
69	85	0.0	0.0	0.0898769881147995	0.4042149305053487	0.004090594350612	5.323816754090132e-11	279	145	305	277	314
70	86	0.0	0.0	0.359097309455428	0.2482610551329823	0.0021645577867579	0.0081222458693867	279	145	143	311	365
71	87	0.0	0.0	0.0747901607310636	0.0826930068364431	0.00080255176455473	7.598258332158775e-08	279	145	325	390	434
72	88	0.0	0.0	0.0024410684166661	0.0	0.0	3.4636309241017447e-25	279	145	546	445	493
73	89	0.0	0.0	0.0260843817776614	0.080694661413194	0.00085367520209467	8.229461083466427e-20	279	145	442	412	418
74	90	0.0	0.0	0.0483178439214485	0.079227855813834	0.00042683807238891	3.270209258497414e-15	279	145	389	435	447
75	91	1.5193394063095187e-05	1.5586184578544485e-07	0.999972074940198	2.320482122246082	0.1810353722420659	0.0378922129083853	163	112	42	69	61
76	92	0.0	0.0	0.0097135945323856	0.0	0.0	2.1393928126314668e-10	279	145	491	445	493
77	93	2.64246341320291e-07	0.0	0.1480012717516041	0.9695157964669948	0.0189882701161725	1.886919918406513e-08	249	145	248	191	176
78	94	0.00012733265011929284	3.4676892241554383e-06	0.7691489102487777	4.572546800954591	0.1253635688601604	0.0037529053654082	91	48	61	19	76
79	95	8.677490480685169e-06	8.854299526907853e-09	0.4048072037098801	2.232170943378348	0.037781114234464	0.00016219448346143	175	138	133	73	125
80	96	1.4037561249296671e-05	0.0	0.5203893453056377	1.038302331713618	0.0165575178187774	0.0117938018774125	164	145	96	181	188
81	97	1.6623600778999316e-05	0.0	0.1421699606718416	1.323999350626242	0.0251035974433221	1.917408102460864e-12	160	145	255	144	153
82	98	0.0003453475212033829	9.948902334540626e-07	0.6286550779504052	2.624491654427197	0.1567092803518297	0.002670895033429	61	74	73	62	66
83	99	0.0005557461559743584	2.8907654983181053e-06	0.9702124562910648	2.875536694335818	0.3346556688463369	0.0976532676076019	48	53	47	51	43
84	100	0.0	0.0	0.0161022690308154	0.0	0.0	0.0027917282454014	279	145	459	445	493
85	101	8.886226555090352e-07	0.0	0.2285055561109351	0.7267371440982119	0.0082791643681988	2.075318163524611e-07	221	145	193	213	256
86	102	0.0	0.0	0.0758098605200426	0.2482610551329823	0.0028011969321538	7.339741979829262e-09	279	145	322	311	343
87	103	0.0	0.0	0.075580956577698	0.1590082898876	0.0045249787678016	4.510905964298794e-07	279	145	324	377	301
88	104	8.076523423107617e-06	1.5464551409615402e-07	1.2054961190620683	2.326366550331684	0.0387328051069879	0.6472834496760265	178	113	25	68	121
89	105	0.0	0.0	0.0067529553527947	0.0	0.0	3.93684380987876e-14	279	145	509	445	493
90	106	0.0	0.0	0.0061556544933539	0.0	0.0	5.605585890116795e-29	279	145	514	445	493
91	107	0.0057124060290275	4.310351659230282e-06	1.0159935756559284	3.155441381200477	0.5591598510239202	0.2527819052056963	6	44	36	45	25
92	108	0.0024669628496781	9.619609111652744e-06	0.9726846845872767	3.439755486626826	0.8940892695570369	0.1134503152329662	12	29	46	35	12
93	109	6.105776259037318e-06	0.0	0.1181555768811069	0.7277896606679094	0.0101810143370493	5.703358632376989e-11	183	145	279	211	234
94	110	0.0001140106982278108	4.4124760213254655e-06	1.9126855909363143	3.261937951164541	0.2941363449226833	0.9258200589654456	94	43	12	42	48
95	111	1.2581151005238628e-05	0.0	0.141080441491315	0.4961780279649172	0.004615069072038	8.880534193461143e-06	167	145	257	253	300
96	112	1.0558012781443282e-05	1.0519677324232152e-07	0.5356103913024597	1.82228926812067	0.0374145266347935	0.0037665461688586	171	119	91	96	127
97	113	0.0	0.0	0.0095030077532302	0.0	0.0	1.587260775059589e-11	279	145	493	445	493
98	114	0.0	0.0	0.0162706593200435	0.0	0.00042683807238891	7.960260917531873e-09	279	145	458	445	447
99	115	0.0	0.0	0.0068936385430079	0.0	0.00085367520209467	1.191276955859292e-16	279	145	507	445	418
100	116	0.0	0.0	0.0152224294224687	0.0	0.00042683807238891	3.306061100354713e-11	279	145	469	445	447
101	117	3.077937829424756e-06	0.0	0.2975436037831095	0.7277896606679094	0.0238851576937887	0.0012376573479354	195	145	165	211	157
102	118	0.0	0.0	0.0273574177917953	0.1597601989683473	0.0024855209904965	3.9535290709293226e-21	279	145	428	372	354
103	119	0.0	1.283762014906556e-07	0.1994573524577703	1.349200143030083	0.0179373585431176	5.018437438442236e-21	279	115	214	139	179
104	120	1.818817160347039e-05	2.6144543333910954e-09	0.6418202702342568	1.941609060155906	0.0275227836953156	0.0707717929484635	157	143	72	86	144
105	121	0.000151160512084302	0.0	0.766556451875846	1.268345242145855	0.0328412262025318	0.2333614023202696	84	145	63	149	133
106	122	0.00011190699482081308	2.232542902129621e-07	0.650490856375069	3.335224885466447	0.1039462826040364	0.002403607574924	97	107	69	40	85
107	123	0.0	0.0	0.0667146635368145	0.1654406081422416	0.0166296438802572	2.0422365582524254e-10	279	145	351	349	187
108	124	0.0	0.0	0.0629655823411733	0.0827271113369766	0.00080255176455473	4.190321227615339e-10	279	145	366	386	434
109	125	0.0	0.0	0.0534475028405579	0.4821279685569879	0.0047459824283	5.898588055098619e-19	279	145	379	259	298
110	126	0.0	0.0	0.0911932098260189	0.0826930068364431	0.00080255176455473	1.262988835364221e-05	279	145	302	390	434
111	127	5.839126334140202e-07	0.0	0.324614678926882	0.4967897951025611	0.0040223410073444	0.00016501446951314	232	145	156	249	316
112	128	2.6152965522295717e-05	4.216961014587171e-09	1.2779851209726474	3.773177710443506	0.0509798120625046	0.5786960496839519	149	141	20	28	107
113	129	0.0	0.0	0.0815548088445612	0.3233783059134827	0.0021645577867579	1.808528432197279e-08	279	145	310	296	365
114	130	0.0008126584019314799	8.073280148746588e-07	0.4745030928095736	1.57258056883604	0.0836834156124248	0.0012926232900929	34	81	111	119	92
115	131	3.788285379240714e-07	0.0	0.120907946423883	0.7449689760124317	0.0084630325452034	9.467613397899188e-23	243	145	273	207	253
116	132	0.0	0.0	0.0030146730285565	0.0	0.0	2.186023409746731e-20	279	145	534	445	493
117	133	0.0	0.0	0.077458854854843	0.2433291350017698	0.0182869509338914	2.136087511894225e-07	279	145	317	323	178
118	134	0.0	0.0	0.2095494795083421	0.3310374396033254	0.0037224477451927	2.587266975709647e-05	279	145	206	290	324
119	135	0.0	0.0	0.0797006035611571	0.4827995255041517	0.0050029280209695	1.53014225662405e-14	279	145	313	258	293
120	136	0.0	0.0	0.0076315684191432	0.0	0.0	1.942626081974679e-14	279	145	502	445	493
121	137	0.0007781708181440393	6.362069824729392e-05	1.0819264295708046	5.222467421778364	1.1338294982867143	0.2347273089379782	38	11	30	8	4
122	138	0.0005701494407714242	2.7938018430061404e-06	1.5334425229498598	4.407614604827401	0.3224926872610451	0.7746267985444507	47	55	15	22	45
123	139	0.0	0.0	0.0032373840014953	0.0	0.0	4.506584718646205e-18	279	145	531	445	493
124	140	0.0001409726155048701	4.397535434038798e-07	0.4359365007225165	4.586679449070888	0.1274781307080938	4.196925732747861e-09	86	90	123	18	75
125	141	0.0	0.0	0.1206972720069916	0.0794779687722136	0.0011589682919798	6.242279246864284e-05	279	145	274	430	413
126	142	0.0003032396541215509	1.049991207727116e-06	0.6468027183980486	1.821791523624795	0.0595761672360827	0.089980862281627	64	72	71	97	99
127	143	0.0	0.0	0.0499703424761394	0.0779209624542305	0.00042683807238891	0.0129814724971055	279	145	384	442	447
128	144	0.0012832474439813	2.752572928267558e-05	0.8122737503883649	3.82506522508267	0.9126677441395816	0.0072293524843855	22	18	58	27	11
129	145	0.0	0.0	0.0307369134127481	0.3304342757459494	0.0032880595563062	1.468743095746037e-27	279	145	415	293	336
130	146	1.1477125478625605e-07	0.0	0.344034853571419	1.039515615041428	0.0101721932538163	2.674017660881104e-05	262	145	146	178	236
131	147	0.0010918002353059	5.15917137721552e-05	0.2283301131443157	1.792674177083758	0.9506937299198944	4.372022845963737e-07	26	13	194	100	10
132	148	0.0	0.0	0.0685971853759604	0.0797354143048347	0.0018374185700438	1.194456549729669e-07	279	145	346	428	382
133	149	3.022243117437612e-07	7.402957838732372e-09	0.1093918886901438	0.7457762148728043	0.072790530381537	4.388404048488944e-16	246	140	284	206	95
134	150	0.0	0.0	0.0025035489940622	0.0	0.00042683807238891	9.16611371449224e-32	279	145	540	445	447
135	151	0.0005396914126015875	1.7390082025352586e-05	1.0871411169297742	3.199366059087105	0.7675011284050947	0.2449419973000928	51	23	28	43	14
136	152	0.0	0.0	0.0062577021584706	0.0	0.0	1.275840254162327e-15	279	145	512	445	493
137	153	0.00021908110255605852	3.383281513683548e-06	0.769040165038931	1.075627394742638	0.2340935921700834	0.2184781080879798	73	50	62	175	53
138	154	0.001025658483472	4.584009600529832e-05	0.3328542962717221	1.305715881596436	0.724499106288585	3.786858271041304e-06	31	15	153	146	19
139	155	0.0	0.0	0.01023571641502	0.0	0.0	1.004288179625616e-10	279	145	483	445	493
140	156	0.0010427313264678	7.963214505508896e-06	3.6879488502918583	6.868027423778944	0.4359806977046824	0.9922281424863718	30	32	2	4	37
141	157	0.0	0.0	0.0712328239361315	0.4821279685569879	0.005706992991723	1.844843013255777e-14	279	145	338	259	280
142	158	0.0009035008949811142	0.00016984476934398714	1.000005785048557	6.466958610778169	1.483266747696662	1.025592205260781e-05	33	1	41	5	2
143	159	2.037020029079321e-06	0.0	0.24501877824351	0.827474526147277	0.0112572831841992	7.698151941409804e-07	202	145	181	200	224
144	160	0.0063945631220728	9.204510876548076e-05	1.0358283653285951	4.246921717004697	1.5941922111920916	0.1207956974725257	5	7	34	23	1
145	161	0.001055891608493	1.3707806484705014e-06	0.5211709469107371	3.165827893369516	0.5244142967476433	0.0034367925451914	28	66	95	44	30
146	162	2.338395685898595e-07	0.0	0.3021677139029635	0.9934217083624044	0.0126446906881239	6.156545847810435e-06	252	145	163	183	216
147	163	0.0	0.0	0.0126463886673759	0.0	0.0	1.530530976033289e-13	279	145	472	445	493
148	164	0.0	0.0	0.0093254311556126	0.0	0.00042683807238891	5.6821158325161616e-14	279	145	495	445	447
149	165	0.0	0.0	0.1750177918556134	0.6620794472227198	0.0052798756157687	1.71675370885899e-07	279	145	226	221	288
150	166	9.455484877396668e-05	1.7516617141505814e-07	0.2473793615338948	2.092820266830832	0.0728455722446932	6.555896389696777e-07	103	111	180	78	94
151	167	0.0	0.0	0.0100517102977525	0.0	0.00042683807238891	1.0331514384763132e-16	279	145	486	445	447
152	168	0.0	0.0	0.0101194005740658	0.0	0.0	2.459809188079432e-12	279	145	485	445	493
153	169	0.0	0.0	0.0161022690308154	0.0	0.0	0.0027917282454014	279	145	459	445	493
154	170	0.0	0.0	0.0255003487828317	0.0	0.0	7.665235159788718e-12	279	145	447	445	493
155	171	0.00016772990204629625	0.0	0.1156234768386041	0.2431421127984135	0.1508352022329528	4.718674141005707e-06	82	145	281	324	69
156	172	9.573996335814624e-05	7.326385102378139e-08	0.1319300950738579	0.8643226238491918	0.1821430694313137	2.4031721523364603e-20	102	122	266	198	60
157	173	0.0012414467597056	4.672229376025751e-05	0.4856255613658047	1.242264535513378	0.1844714157097875	0.0015358772770621	23	14	107	157	59
158	174	0.0066692080021841	1.0261755772647475e-05	0.7045363852915747	2.08096229108364	0.333478179517727	0.012075801751972	4	28	66	79	44
159	175	0.0114505834533523	9.027312528985882e-05	0.4526497293353657	0.799112879287542	1.1935280493305092	0.0185588710927715	3	8	117	204	3
160	176	0.0395941150750223	5.796492072261242e-06	2.18299483787832	3.75473785334179	0.9638853094238587	0.947165645482729	1	37	9	29	8
161	177	6.158201284928212e-06	0.0	0.0505281429234562	0.3165158010712144	0.0049518045834296	6.80071312025966e-18	182	145	383	305	294
162	178	7.297228594808852e-06	0.0	0.1547888414451739	0.4754945707058578	0.0200243074720712	2.224974250831672e-05	179	145	239	262	171
163	179	8.553138525307146e-07	0.0	0.1517936276172187	0.4855693876386781	0.0208031991004897	8.858683468370488e-08	223	145	243	256	166
164	180	8.43811311587683e-06	3.220400269957173e-06	0.2098249494707824	0.5795140427027213	0.0255285880307546	8.077109762143832e-11	177	51	204	230	150
165	181	0.0	0.0	0.0297445746324473	0.1654406081422416	0.0154074192126031	4.509372522852716e-25	279	145	419	349	198
166	182	3.928759886303389e-07	0.0	0.1881449700607956	1.359235445725833	0.0133472208094814	1.810850528047865e-14	242	145	219	138	211
167	183	0.0	0.0	0.061448689972415	0.4863330803756514	0.0103374574007173	5.700637985503746e-16	279	145	370	255	233
168	184	8.683103996736715e-05	5.571513630244992e-07	0.3180466222968991	1.86409852498926	0.0573594466230575	0.1516303840245122	106	86	160	89	101
169	185	1.6395400691744387e-06	0.0	0.4705636897972473	1.348420382890485	0.0233246738890856	0.0011716802756859	207	145	112	140	158
170	186	0.0	0.0	0.0152916766266435	0.0	0.0	2.848903790927472e-05	279	145	468	445	493
171	187	0.0010780199962975	1.6179786157926446e-05	0.9586722605953	2.559762970277836	0.9876570697153846	0.028655121199763	27	24	50	63	5
172	188	1.237198934565206e-05	6.205884453651292e-08	0.3747737200025479	1.856788601484524	0.1066939015227153	0.0014974647232006	168	126	139	90	83
173	189	0.0007003424158061536	1.6872527585668616e-06	0.4921675746851935	2.648878653249099	0.2989484142986278	0.0025151541364933	41	62	105	61	47
174	190	0.0	0.0	0.1216504606589125	0.3179693096977526	0.004266883222375	1.065974436441997e-05	279	145	272	301	308
175	191	8.02446319320881e-07	0.0	0.446159276707865	0.7267371440982119	0.0093534533947057	0.0254515228262768	226	145	121	213	245
176	192	0.0	0.0	0.0103525786243489	0.0	0.0	1.0482239830665987e-10	279	145	482	445	493
177	193	0.0	0.0	0.1450382761204819	0.2482610551329823	0.0015028528832004	1.133062102561717e-06	279	145	251	311	398
178	194	0.0	0.0	0.1694125651995174	0.0791073307150145	0.00080255176455473	0.0011703685108253	279	145	230	438	434
179	195	8.065775723535638e-07	0.0	0.367603941023835	1.009085670512094	0.0124337585047971	0.00093773176519916	225	145	140	182	217
180	196	0.0	0.0	0.0161022690308154	0.0	0.00042683807238891	0.0027917282454014	279	145	459	445	447
181	197	0.0	0.0	0.0028965162202663	0.0	0.0	1.221254017720512e-20	279	145	536	445	493
182	198	4.169548507655875e-05	4.67269333898204e-07	0.2272939436084562	1.760075113710892	0.0296395384928027	1.502251468363e-07	132	89	196	104	142
183	199	0.00019860863785025327	0.0	0.0316788481969044	0.2340945004791579	0.0106325163749606	8.525411587050893e-15	79	145	411	343	231
184	200	0.0	0.0	0.028924895227823	0.2339841623756855	0.0024394711964909	1.094295509364023e-20	279	145	424	345	357
185	201	0.0	0.0	0.0030465214413719	0.0	0.00042683807238891	5.14946191170962e-33	279	145	533	445	447
186	202	0.0039898368469266	2.3617557830216398e-06	0.2303243454128727	1.995407197331714	0.2680135230096449	2.8694178229958306e-15	10	58	191	83	50
187	203	8.738074210561444e-07	0.0	0.0529264764070058	0.6481912466676844	0.0107481922366036	2.211404896715026e-37	222	145	380	224	230
188	204	0.00013552517098167332	1.5155333833933838e-07	1.8609731114389108	2.751688770921382	0.0572319555478584	0.9511642319365896	88	114	13	56	102
189	205	0.0036385625528955	2.6912358190526484e-05	0.4462461336390069	1.643055372010044	0.3412063384534782	0.00014257495984641	11	19	120	113	42
190	206	0.00013932713573994618	5.019125332377474e-07	0.0774203491276104	0.2427325523430757	0.109472625920721	7.026162003318473e-10	87	88	318	327	80
191	207	0.0	0.0	0.0270607087172004	0.0	0.00042683807238891	1.827398039816595e-05	279	145	434	445	447
192	208	0.0003923745576406766	6.806134477942281e-08	1.0573778583987592	3.97034686092426	0.205160655732269	0.1072177399965592	58	123	33	25	56
193	209	0.0016190470413662	8.98521254033575e-05	1.4300234917384025	2.670381732713027	0.7598560239944279	0.5314635147006211	16	9	18	60	15
194	210	0.0015507647521487	0.0	0.0940597221650581	0.0827271113369766	0.0568467332643156	2.027166968459528e-09	18	145	299	386	103
195	211	5.924414203153255e-05	5.3825853279736956e-08	0.2097000888863437	0.2376280344455072	0.0214435280824755	0.0043532023929499	118	127	205	339	164
196	212	3.8707570004279475e-08	0.0	0.1495265237083524	0.6491076189700894	0.0718409861744019	2.897847667842406e-09	274	145	246	223	96
197	213	0.0016776249833673	5.810360263405772e-06	1.0065846492890906	3.692808058844713	0.6558762054428092	0.0633897778387868	15	36	37	31	22
198	214	0.0004069081022630118	8.580645403707375e-05	2.355599211252376	4.557277725033343	0.7372464757644953	0.9953867885660518	56	10	7	20	17
199	215	0.00024192786741140224	5.927101447444958e-07	1.0218320276184885	2.161776507091746	0.1071609877633274	0.1903975158602807	71	85	35	75	82
200	216	0.0	0.0	0.0367756854468831	0.2478792668558152	0.0024587674185241	2.80653156364823e-14	279	145	401	320	355
201	217	4.513981148207032e-06	0.0	0.2123208509765276	1.126165197449556	0.0248698948293689	2.36190842030434e-06	189	145	203	170	155
202	218	0.0010540235169337	1.810069437838141e-07	0.5999470888071905	1.345805956706567	0.154430151412552	0.0563942908703352	29	110	79	143	67
203	219	3.296330420133146e-07	3.9667489541348366e-08	0.2278946479449075	0.731703315596065	0.0367853458385306	1.52060097383118e-06	245	132	195	209	128
204	220	8.240360641916e-05	0.0	0.1204799312333481	0.799112879287542	0.0098300268537507	2.0495303930219818e-12	108	145	275	204	240
205	221	0.0	0.0	0.0402416276094599	0.2479512374420204	0.0016050997582803	7.798138623160644e-16	279	145	397	317	392
206	222	0.0	0.0	0.0093627131395358	0.0	0.00042683807238891	2.9489540621006426e-11	279	145	494	445	447
207	223	0.00015414265299502778	2.0720200655315437e-06	1.0006048098969484	3.607299280910822	0.2479033784023075	0.2636141663975903	83	59	39	33	51
208	224	3.8497798685470544e-05	4.3670221882256956e-07	0.4465253174471288	2.749515490671449	0.0667632196840839	0.0010628323840291	136	92	119	57	97
209	225	0.0001137024976709169	3.511728721945504e-07	0.3853726523786964	1.161017648278379	0.0268957339904451	0.00063631982825706	95	97	137	163	147
210	226	0.0	0.0	0.0166173762774884	0.0	0.0	1.301512247327635e-10	279	145	455	445	493
211	227	0.0	0.0	0.0743086203224337	0.1595547309833024	0.0027447605153061	6.779785779279177e-08	279	145	327	373	349
212	228	0.0020497962292532	0.00012387113022211755	1.0615351535644413	4.638872811505148	0.5079681074653849	0.194980573539574	13	4	32	16	32
213	229	0.0006755801705312574	1.5479213600227022e-06	0.2327394143556804	1.440406564062256	0.0516033475838922	7.542275712987407e-13	43	64	188	129	106
214	230	0.0002048570816381661	8.200849101290788e-07	0.9998530015567924	4.819447429069294	0.1578270316686712	5.379090970714051e-05	76	79	44	12	65
215	231	0.0	0.0	0.042008932251437	0.3962041492260049	0.0042728527289205	2.5631609854915552e-14	279	145	393	282	307
216	232	7.412337019805166e-07	0.0	0.2527408688608352	1.823086024659707	0.0307098599106505	1.930894299806878e-11	227	145	176	95	140
217	233	0.00013100256346743007	0.0	0.1879586757085166	1.262295374494281	0.0254198992126892	2.940537684179828e-15	89	145	220	152	151
218	234	0.0	0.0	0.0025000492378215	0.0	0.0019615144002188	4.443711475471122e-27	279	145	543	445	375
219	235	0.00074170007652666	6.930637132684618e-06	0.488100393256638	2.148832195335483	0.480206051756816	0.00078051894521096	40	33	106	76	35
220	236	2.0522793959296527e-06	0.0	0.0318683870322711	0.3214968917010186	0.0156805096289445	1.027251022621442e-16	201	145	410	298	195
221	237	3.259217422618881e-05	0.0	0.1137165314767211	0.3175568867169262	0.0157033874434239	5.645597409370203e-07	140	145	282	302	194
222	238	9.058867393624784e-05	4.997130073243105e-08	0.2001388563925446	0.7236861513013029	0.1498814013803925	8.334549384067308e-07	104	129	213	216	70
223	239	5.2307830514715e-05	5.5926414114739344e-06	0.4003753847188983	1.847740652393878	0.3977666509017585	0.0140641358456823	120	38	134	92	40
224	240	0.0	0.0	0.0587740058385088	0.0803436292515852	0.00042683807238891	1.455026658319003e-15	279	145	376	425	447
225	241	0.0150016726714739	0.00013309156577591478	0.1658037307771901	1.138201719187927	0.7039552273719665	2.5676811361206535e-11	2	3	232	168	21
226	242	0.00018989268945558587	2.3951108288715906e-06	0.0790727965603108	0.5046445599771076	0.1892836063374929	2.158336641557547e-18	80	57	315	245	58
227	243	0.0001077945416102268	3.394071829082625e-07	0.0363534962037227	0.3172387874566368	0.176280584949149	4.056201801849367e-14	98	98	403	303	62
228	244	0.0	0.0	0.0064327523729479	0.0	0.00042683807238891	2.903546711786805e-11	279	145	511	445	447
229	245	4.354194950914265e-05	0.0	0.0310244835984019	0.2415182790069915	0.0268911638794768	3.405473580782913e-14	130	145	413	331	148
230	246	0.00057435514556508	8.436757122991098e-09	1.4355538425784704	1.431902991794638	0.1084426854792057	0.696616601260163	46	139	17	131	81
231	247	0.0	0.0	0.0976522634608396	0.0826930068364431	0.00085367520209467	1.432233944338315e-06	279	145	295	390	418
232	248	1.6243201936180293e-08	0.0	0.2725967062590403	0.8408876300646468	0.0048137970572842	3.191939142309923e-07	276	145	167	199	297
233	249	0.0	0.0	0.1599893253637174	0.3958643124119105	0.0053312934426968	1.4814515559708e-06	279	145	235	284	287
234	250	0.0	0.0	0.0161022690308154	0.0	0.00042683807238891	0.0027917282454014	279	145	459	445	447
235	251	0.0	0.0	0.0712140995631707	0.0809933772243387	0.00085367520209467	1.057586443097073e-07	279	145	339	406	418
236	252	5.97702686259031e-07	0.0	0.2752200013475289	1.262393123444518	0.0149201850170476	0.0030697726256528	231	145	166	151	200
237	253	0.0	0.0	0.0524836781108177	0.0798216005137358	0.00080255176455473	2.352574808406199e-13	279	145	381	427	434
238	254	1.296944321434647e-05	0.0	0.2638686735562319	1.392698059662788	0.0216026783348316	5.677081809612057e-05	166	145	173	134	162
239	255	9.99808804335094e-07	0.0	0.1557759311996501	1.110397300493742	0.0117436287440695	3.3361073743558493e-28	218	145	237	172	219
240	256	3.944601403682859e-06	0.0	0.0307548139403143	0.3306022814354523	0.0070324409587277	1.398858327341099e-22	193	145	414	291	267
241	257	0.0	0.0	0.0105846872177042	0.0	0.00042683807238891	8.722859459536756e-07	279	145	479	445	447
242	258	7.273900754753062e-05	2.5978796635943905e-08	0.857554351043357	3.459285845849511	0.059294104747315	0.131610548052222	112	134	55	34	100
243	259	7.461928318948877e-05	0.0	0.1256016956811755	0.4963301968333558	0.021064602189411	2.462400465583666e-07	111	145	269	251	165
244	260	0.0	0.0	0.0963346438704216	0.1654406081422416	0.001229387951553	8.03248319583012e-09	279	145	297	349	404
245	261	4.207893380763046e-06	0.0	0.2007845393426865	0.5882576932224677	0.0110349025819342	1.120885250618808e-06	190	145	212	228	226
246	262	9.754007632028396e-05	0.0	0.0607892762007305	0.0827613385261898	0.0204758183082103	2.007912812273538e-12	101	145	372	385	169
247	263	2.2582980395092977e-07	0.0	0.1435466969418889	0.5789058182679402	0.0192523585897377	6.385310672583595e-08	254	145	252	233	174
248	264	2.3426884320773917e-06	0.0	0.1094604162847867	0.4053844671294142	0.0087500634234443	7.475176603712273e-08	199	145	283	273	250
249	265	0.0	0.0	0.0022729284214867	0.0	0.00042683807238891	8.443768008623122e-27	279	145	548	445	447
250	266	0.0	0.0	0.0098496749123296	0.0	0.0	1.032109096293421e-13	279	145	489	445	493
251	267	0.0	0.0	0.0735277644878546	0.0827271113369766	0.0011589682919798	3.069779188083775e-08	279	145	331	386	413
252	268	5.774304418689513e-06	0.0	0.2506346222559055	0.672614872363133	0.0147349792021656	0.00012204855765622	184	145	177	219	201
253	269	0.0	0.0	0.0069833611383288	0.0	0.00042683807238891	4.168636964747464e-14	279	145	505	445	447
254	270	0.0	0.0	0.0082533782143684	0.0	0.001280511389093	4.4873000062165165e-11	279	145	500	445	401
255	271	0.0	0.0	0.0322276961526327	0.2410831412329117	0.0041417177881519	9.145469780607846e-20	279	145	409	334	313
256	272	0.0	0.0	0.0057533148711989	0.0	0.00085367520209467	5.92501641977335e-17	279	145	518	445	418
257	273	0.0	0.0	0.0669485759138153	0.0791073307150146	0.0023883477589509	2.5735913495290282e-08	279	145	350	436	359
258	274	0.0	0.0	0.0693523282480409	0.0794779687722136	0.00085367520209467	7.21055228779583e-08	279	145	342	430	418
259	275	1.1302549143691566e-06	0.0	0.5355179882569937	1.635829961231966	0.0144882088023364	0.015799408187126	215	145	92	114	203
260	276	3.575481165953547e-05	4.570118556642397e-08	1.5546893452767645	3.289891961862721	0.0420559355025194	0.7441886597228534	138	131	14	41	118
261	277	0.0013847553707849	0.00011568901871018024	2.5812884496192505	7.385863746544554	0.7263243167342284	0.99999999804058	20	5	5	2	18
262	278	0.0002756952178358557	6.345884644744605e-08	2.3453356760778306	5.843198600148246	0.1967456040378346	0.8212650242001763	67	125	8	6	57
263	279	0.00012103330083434244	0.0	0.189178373398471	1.322824645360678	0.0171765995352759	3.574127431403648e-20	92	145	218	145	182
264	280	6.21416661510919e-05	8.411548956143443e-07	0.9697840012901808	2.86920163287039	0.0451059558442311	0.0705190293951434	116	77	48	53	116
265	281	5.1115371971637344e-08	0.0	0.3114749334979588	1.076326156181025	0.0094736685629793	0.00034941171839377	273	145	161	174	244
266	282	0.0	0.0	0.016501076678844	0.0	0.00085367520209467	5.255962367861103e-08	279	145	456	445	418
267	283	2.859424919484381e-05	1.114345181903201e-08	1.2190036001168547	1.430999725372392	0.0163597656602885	0.6374749194964664	145	137	23	132	189
268	284	5.016513398879868e-07	0.0	0.1252778834912102	1.164456111013433	0.0130725606384264	0.084634278077333	236	145	270	162	213
269	285	2.810716890201603e-05	2.556564753820557e-07	0.2989406553979018	2.418199249318671	0.0310801980077348	0.00010964071971507	147	105	164	65	138
270	286	0.0	0.0	0.0772911743628651	0.1653669654700404	0.0019296871847121	7.077971034599885e-07	279	145	319	354	378
271	287	0.00010226436045208523	8.137035800725535e-07	0.3645174281343796	1.131189567092505	0.0487693492919937	0.00019852513812164	100	80	141	169	112
272	288	4.170033887813657e-06	0.0	0.6546305678101079	2.106466947856093	0.0158870940455914	0.0940983232404925	191	145	68	77	193
273	289	1.3228886583349288e-05	0.0	0.5893094989334094	1.665245202558635	0.0505342345391779	0.0231039294563505	165	145	81	109	109
274	290	4.7312615525534187e-07	0.0	0.2370430315523836	0.5883996000409806	0.0103462553443525	0.00027035232940389	238	145	185	227	232
275	291	5.587517934840088e-06	2.685178107188714e-07	0.4222071982065292	1.576557610061319	0.0457292983191343	6.45454258460942e-05	186	103	131	117	115
276	292	0.0004902301553778735	3.559907586859013e-07	0.4277211180276491	2.875348956122284	0.1121992479109768	4.07557466358346e-07	52	96	130	52	79
277	293	0.0	0.0	0.0100426052172317	0.0	0.0	4.766987502441238e-13	279	145	487	445	493
278	294	7.69096589436408e-05	3.7071967732395545e-05	0.3898703565392246	2.385284837504003	0.4927799918625821	7.265310870214918e-07	110	16	136	67	34
279	295	7.725885635797958e-05	0.0	0.4117910777145709	1.490272937482375	0.0338432166894281	0.00023867741496547	109	145	132	125	131
280	296	0.0003605512343649702	3.751495985803204e-06	0.4770199074788386	1.773557733820869	0.1289122500459763	0.0020360129885552	59	46	110	102	74
281	297	0.0	0.0	0.0119932523184693	0.0	0.0	2.1366671878026243e-08	279	145	473	445	493
282	298	1.7367843566948542e-06	0.0	0.0899571753178576	0.2521502481321013	0.0036748135705989	7.181411651600566e-07	206	145	304	307	328
283	299	4.675837598006066e-07	0.0	0.0740271317393699	0.3240830404097267	0.0043229065624123	1.671180155091752e-11	240	145	329	295	304
284	300	0.0	0.0	0.0677782563777088	0.1584632394581053	0.003539079717576	1.9702513222573112e-08	279	145	347	378	333
285	301	0.0	0.0	0.3341626452662636	0.413126755121188	0.0054644128451052	0.0155899070104472	279	145	152	270	285
286	302	0.0	0.0	0.0066238055075455	0.0	0.0	2.111684137712225e-12	279	145	510	445	493
287	303	0.0	0.0	0.083024499382925	0.1653669654700404	0.001229387951553	3.887239688357577e-07	279	145	307	354	404
288	304	0.0	0.0	0.0398266060346719	0.33624047044849	0.0036037336122357	1.146482494511867e-14	279	145	398	286	331
289	305	0.00011412936539008272	3.16257446141638e-06	0.5645246659031108	1.827005938688348	0.036104559994378	0.00072445228633458	93	52	83	93	129
290	306	0.0	0.0	0.3190377190772513	0.5789058182679402	0.0069078616392023	0.0045278714936181	279	145	159	233	269
291	307	6.510914086319081e-05	6.135475583618785e-07	1.2650810714524967	2.915188222346498	0.0898292159935556	0.7092796577255409	115	83	21	49	88
292	308	9.684616127033442e-07	0.0	0.1420675149755649	0.571962695527903	0.0095684756228358	1.210256894071142e-07	219	145	256	237	243
293	309	0.0	0.0	0.0068621091683966	0.0	0.00042683807238891	8.827538162784604e-16	279	145	508	445	447
294	310	0.0	0.0	0.0637103403635768	0.0794779687722136	0.0015028528832004	1.014519084546674e-09	279	145	361	430	398
295	311	0.0	0.0	0.0299928428527165	0.0	0.00042683807238891	6.47930722630225e-05	279	145	417	445	447
296	312	0.0	0.0	0.0106819096103674	0.0	0.00080255176455473	1.269035964749883e-09	279	145	477	445	434
297	313	0.0	0.0	0.1396047780077964	0.7192442708302644	0.0071575466965554	1.629938145829494e-15	279	145	259	218	265
298	314	0.0	0.0	0.0715873891519256	0.1652478288328031	0.0020126378377587	6.443859715420284e-08	279	145	336	356	370
299	315	6.420093236355964e-07	0.0	0.2042467261191057	1.53088975879878	0.0344682173118208	1.7144658085625788e-10	229	145	211	123	130
300	316	3.899849361031333e-05	1.3310090662611816e-09	0.7719319096789827	2.021351509508919	0.0216891670097636	0.0674041600488152	135	144	60	82	161
301	317	9.295595138036689e-08	0.0	0.1409655230469903	0.4051679387708599	0.004090594350612	1.24876789044154e-07	263	145	258	274	314
302	318	0.0	0.0	0.0298484353586493	0.1583140195638087	0.0025913902026862	2.851912867708325e-16	279	145	418	380	352
303	319	0.0	0.0	0.0059427277730072	0.0	0.0	1.2347364401061849e-15	279	145	516	445	493
304	320	0.0001306892714529186	4.064054457008239e-07	0.7214812911986261	2.433734672840499	0.0869029108561869	0.0033387014762025	90	93	65	64	89
305	321	0.0	0.0	0.0036186081925694	0.0	0.0	5.913619992260625e-20	279	145	528	445	493
306	322	0.0	0.0	0.0630941612554745	0.1584062156378572	0.0021645577867579	7.472767243587514e-12	279	145	364	379	365
307	323	0.0	0.0	0.0392667675548206	0.4025357380883318	0.0055977117210319	1.72437726686083e-18	279	145	399	278	283
308	324	1.444151920421159e-07	0.0	0.7022293168838304	0.554333553203464	0.0036037336122357	0.2328564884635715	260	145	67	244	331
309	325	0.00035097829341828	3.5621762534032615e-07	0.3990467601239479	2.720144012131716	0.0546560053708093	3.097493399110912e-07	60	95	135	59	105
310	326	0.0	0.0	0.0920788356973512	0.5719621228998845	0.0092028635718665	1.032496310671204e-20	279	145	300	239	247
311	327	0.000210627340091042	0.000110430586517174	0.4794649948085405	1.267957361867776	0.9839676392336107	0.0015244548527778	75	6	109	150	7
312	328	0.0008058123544649179	3.658823158290953e-06	0.9166721370085258	4.753276030802792	0.4949057456247152	0.0113969631829788	35	47	52	13	33
313	329	4.471463397703223e-07	0.0	0.0866113700527223	0.4863330980659673	0.0037670821852671	3.031384865994153e-11	241	145	306	254	323
314	330	0.0	0.0	0.00994771760073	0.0	0.0	3.678872402032667e-16	279	145	488	445	493
315	331	5.93390948822384e-08	0.0	0.198244145262723	0.4084222558631115	0.0050399565922846	0.0020391975984958	268	145	216	271	292
316	332	0.0	0.0	0.0729661817921507	0.0827271113369766	0.001229387951553	3.567816936236006e-10	279	145	334	386	404
317	333	0.0	0.0	0.0069593551395956	0.0	0.00042683807238891	6.368812243741575e-14	279	145	506	445	447
318	334	0.0	0.0	0.0635503501916564	0.0809933772243387	0.0011589682919798	1.92629759028009e-09	279	145	363	406	413
319	335	0.0	0.0	0.002492732717458	0.0	0.00042683807238891	1.4348105074459851e-24	279	145	544	445	447
320	336	0.0	0.0	0.0018063876546368	0.0	0.0	0.0001699860865313	279	145	550	445	493
321	337	0.0	0.0	0.0074952996006091	0.0	0.0	4.8172302753891855e-25	279	145	503	445	493
322	338	0.0	0.0	0.0104590568174157	0.0	0.0	3.350928788847328e-10	279	145	481	445	493
323	339	2.6883076243201724e-05	1.9020948364866048e-08	0.2260025304915009	1.76195967639284	0.0296613874478976	3.699790833098177e-11	148	135	199	103	141
324	340	0.0	0.0	0.0919616409076439	0.3962041492260049	0.0036444694841057	3.40870394624413e-10	279	145	301	282	330
325	341	1.854395341867401e-07	0.0	0.1086533128704772	0.7244209592356546	0.008643548760465	1.092695776686803e-11	256	145	287	215	251
326	342	0.0043311155973971	2.3722650340299663e-05	0.5358859378931631	1.960745374292365	0.6338630755263792	0.0056619233838028	9	20	90	85	24
327	343	0.0	0.0	0.1584056329531587	0.3190371189055461	0.0066471389853791	2.344366636894344e-05	279	145	236	299	271
328	344	5.4758386275969095e-08	0.0	0.5762226814997642	1.379462046685845	0.0185426650424382	0.0368105705146017	270	145	82	136	177
329	345	6.931160282076825e-06	0.0	0.0976025174735775	0.7236861513013029	0.0051933460214685	2.7153840491172523e-14	180	145	296	216	289
330	346	0.0	0.0	0.0060082600023785	0.0	0.00042683807238891	1.738340922562494e-13	279	145	515	445	447
331	347	0.0	0.0	0.0495611484798616	0.0840118386331272	0.001280511389093	9.400589907716772e-08	279	145	386	383	401
332	348	0.0	0.0	0.074105046426341	0.0794779687722136	0.0011589682919798	7.272637173385827e-07	279	145	328	430	413
333	349	0.0	0.0	0.0270952272683112	0.3306022814354523	0.0025913902026862	6.231995164255157e-42	279	145	433	291	352
334	350	0.0	0.0	0.007015392362697	0.0	0.00042683807238891	7.879852412927788e-13	279	145	504	445	447
335	351	0.0	0.0	0.0491103243344677	0.2521502481321013	0.0051316107692724	5.772276178109125e-08	279	145	387	307	290
336	352	0.0	0.0	0.0026672820445269	0.0	0.002264251928776	8.811501233036441e-42	279	145	537	445	362
337	353	0.0	0.0	0.0022682228491505	0.0	0.002264251928776	1.123909620641783e-29	279	145	549	445	362
338	354	0.0	0.0	0.0180768186062424	0.0	0.00042683807238891	8.580573758486362e-07	279	145	454	445	447
339	355	0.0	0.0	0.0303538511330967	0.0840118386331272	0.0026399609071644	1.0775479007137128e-10	279	145	416	383	351
340	356	0.0	0.0	0.0083941828183541	0.0	0.0	1.2642572496670518e-10	279	145	499	445	493
341	357	0.0	0.0	0.1238414212764311	0.0826035725261293	0.00080255176455473	0.00011456980414114	279	145	271	398	434
342	358	0.0	0.0	0.0342975375721319	0.0826035725261293	0.00042683807238891	2.727840702320303e-17	279	145	405	398	447
343	359	0.0	0.0	0.0161022690308154	0.0	0.00042683807238891	0.0027917282454014	279	145	459	445	447
344	360	0.0	0.0	0.0293864234268603	0.2411974812789271	0.0017073466333601	2.4993181112079323e-24	279	145	421	332	386
345	361	0.0	0.0	0.0025026292881317	0.0	0.0	4.754691570881287e-24	279	145	541	445	493
346	362	0.0015345121840089	5.852677374878e-05	0.0461829367669241	0.4680933988069622	0.4182878444407299	7.616337894329707e-07	19	12	391	264	39
347	363	0.004822202667526	8.984518370221912e-06	1.0008628724935833	5.778647705615239	0.6554001320134891	0.0015277115072397	7	30	38	7	23
348	364	0.0	0.0	0.3543222034095868	0.5650971659552114	0.0060466599125907	0.0087685273982405	279	145	144	241	275
349	365	0.0	0.0	0.059799362821953	0.0825694155589837	0.00042683807238891	9.600023138108565e-14	279	145	375	403	447
350	366	0.0	0.0	0.0161022690308154	0.0	0.00080255176455473	0.0027917282454014	279	145	459	445	434
351	367	0.0	0.0	0.0272248742525966	0.0791073307150146	0.00042683807238891	5.138808116435146e-20	279	145	431	436	447
352	368	0.0	0.0	0.0045010997059949	0.0	0.00042683807238891	1.8072187036569066e-18	279	145	523	445	447
353	369	0.0	0.0	0.109054476715983	0.1591099820698349	0.0043191566126721	3.090928444735434e-05	279	145	285	376	305
354	370	0.0	0.0	0.0260181080336474	0.0803436292515852	0.0018374185700438	4.887588027686316e-29	279	145	444	425	382
355	371	0.0	0.0	0.0323530654703488	0.2340065213379361	0.0019296871847121	6.975721990158486e-14	279	145	408	344	378
356	372	1.041452524594591e-06	3.9576567383058255e-09	0.556082305904722	1.118070933028561	0.0138649810912811	0.0089028577411596	217	142	85	171	206
357	373	0.0	0.0	0.0475296503799842	0.1652478288328031	0.00085367520209467	1.049907728946932e-12	279	145	390	356	418
358	374	2.5217757498212643e-05	0.0	0.2413652183648923	1.15851407890808	0.0171629201675976	3.963775742806658e-06	150	145	183	164	184
359	375	0.0	0.0	0.0292318916890298	0.2411974812789271	0.0034232032509408	6.543022737644087e-36	279	145	422	332	334
360	376	0.0	0.0	0.0025935644489927	0.0	0.00042683807238891	5.333560900268737e-20	279	145	538	445	447
361	377	0.0002853360620946324	2.8442363326164785e-06	0.3820560872041226	1.2901724881579	0.3115165091071288	0.00043837836899553	65	54	138	147	46
362	378	0.0	0.0	0.0024912514682753	0.0	0.0	2.3342505778966653e-30	279	145	545	445	493
363	379	0.0	0.0	0.0080108017706551	0.0	0.00042683807238891	1.153109388396466e-13	279	145	501	445	447
364	380	0.0	0.0	0.0661220888365181	0.2425389703651312	0.0028151801748793	4.933560584362856e-11	279	145	355	328	342
365	381	0.0	0.0	0.0599073857022085	0.0808045700846359	0.001229387951553	1.080902181385589e-12	279	145	374	409	404
366	382	0.0	0.0	0.0663316082321167	0.080694661413194	0.00085367520209467	1.1879667615550772e-08	279	145	353	412	418
367	383	0.0	0.0	0.0733215250460879	0.1654406081422416	0.0049518045834296	5.4582733889527377e-08	279	145	333	349	294
368	384	1.1380298538445996e-06	0.0	0.2266119613034618	0.5719621471027101	0.0086370284309786	5.177066152885416e-05	214	145	198	238	252
369	385	0.0	0.0	0.0622106356867651	0.0826930068364431	0.00042683807238891	9.896231558609108e-11	279	145	368	390	447
370	386	0.0	0.0	0.0034602532078283	0.0	0.0	1.8666904132719968e-24	279	145	529	445	493
371	387	0.0	0.0	0.0780457364517199	0.1595547309833024	0.00080255176455473	1.51110395070353e-07	279	145	316	373	434
372	388	5.004649862826267e-05	2.1169556245925625e-07	0.5174793996201403	2.025067733794949	0.0309976695615339	0.0011350704443564	122	108	97	81	139
373	389	0.0	0.0	0.0958813304463585	0.4042149629759886	0.0032280274624027	3.843734721124841e-08	279	145	298	276	337
374	390	4.091389536808917e-06	0.0	0.2237848964231265	1.346391254168758	0.0174314978280415	1.429443505954779e-07	192	145	200	142	181
375	391	0.0007938476684708133	1.2138616988335498e-05	0.1989852344769079	1.540387164626002	0.2178109539810527	2.8007123959391697e-11	37	25	215	121	54
376	392	0.0	0.0	0.0142410107140382	0.0	0.00042683807238891	5.214475971429044e-11	279	145	471	445	447
377	393	0.0	0.0	0.0763057691857271	0.252539945928772	0.0028011969321538	6.863777511598372e-11	279	145	321	306	343
378	394	1.878260374076252e-06	0.0	0.15309833093171	0.4967897951025611	0.0223650586455714	5.94453516826723e-07	204	145	242	249	159
379	395	1.1893522631685098e-07	0.0	0.1645948377352662	1.241040221553212	0.0100928225014568	3.635862077352517e-23	261	145	234	159	237
380	396	0.0	0.0	0.073951596360722	0.4084222558631115	0.0039883474755319	3.7376094232926323e-13	279	145	330	271	317
381	397	1.8176389853429005e-07	0.0	0.1385496957505857	0.2482610551329823	0.0044491677659447	3.496867701425983e-08	257	145	260	311	303
382	398	0.0	0.0	0.0287433246177869	0.1652478288328031	0.001585803536247	6.639566095878676e-15	279	145	425	356	395
383	399	2.9054796451633624e-07	0.0	0.2337853518015997	1.287399063480158	0.0156533850644266	7.149337109478767e-22	247	145	186	148	196
384	400	0.0	0.0	0.0988400050321153	0.3314782087404345	0.0170538505453294	5.041290106158963e-11	279	145	293	289	185
385	401	1.27617920115303e-06	0.0	0.2383787404369	1.683438779179296	0.0199004679828341	3.228666082993368e-14	212	145	184	108	172
386	402	8.444139502310305e-05	3.6850251498995177e-07	0.1338741925003833	0.9934217083624044	0.1542623067951034	1.784789181680814e-12	107	94	264	183	68
387	403	5.084430079351939e-07	0.0	0.3051932851279731	0.7356401556244686	0.0111216340466353	0.00017820010074434	235	145	162	208	225
388	404	0.0	0.0	0.0713686672300835	0.2431421127984135	0.0019296871847121	8.897432403865051e-10	279	145	337	324	378
389	405	0.0	0.0	0.0272981031718678	0.1652478288328031	0.001229387951553	1.689827730978105e-31	279	145	430	356	404
390	406	1.1612548663561157e-06	0.0	0.3276626404417378	0.8852955200003538	0.0171706012449577	3.449807853445254e-06	213	145	154	197	183
391	407	0.0	0.0	0.0644766791848397	0.1632711105261157	0.0016562231958202	1.674734718338179e-09	279	145	357	362	388
392	408	0.0	0.0	0.137377281860139	0.3975846763444474	0.0048248701440327	4.10410275443883e-08	279	145	263	281	296
393	409	0.0	0.0	0.0271295859514015	0.1560116390774791	0.00085367520209467	3.9435365957330593e-19	279	145	432	382	418
394	410	0.0	0.0	0.0519925459354918	0.2391998175252572	0.0024076439809842	7.937871517052955e-16	279	145	382	336	358
395	411	0.0	0.0	0.0687384731001432	0.1680556312891711	0.0034232032509408	1.3013082423920772e-08	279	145	344	347	334
396	412	0.0	0.0	0.0058070200416185	0.0	0.0	1.10897687372588e-14	279	145	517	445	493
397	413	0.0	0.0	0.0263470163536665	0.0816765816592414	0.0020126378377587	4.485367353280904e-25	279	145	438	405	370
398	414	0.0	0.0	0.0261029013555635	0.0804396500498002	0.00042683807238891	2.1985355329871533e-22	279	145	441	418	447
399	415	0.0	0.0	0.0610306583527869	0.0794779687722136	0.00085367520209467	6.398491893801814e-12	279	145	371	430	418
400	416	9.002921297773951e-07	0.0	0.4996965271571244	0.9934217083624044	0.0134906752101612	0.031170109800173	220	145	100	183	210
401	417	0.0	0.0	0.0582947370048102	0.1608404401593078	0.0095792463748589	4.099750406969943e-11	279	145	377	370	242
402	418	5.673755940222494e-06	0.0	0.2266254922092826	1.600280348993882	0.02190637438385	9.789319551549857e-08	185	145	197	116	160
403	419	0.0	0.0	0.0601498520035525	0.0804064543322552	0.00042683807238891	7.609581356824632e-11	279	145	373	419	447
404	420	0.0	0.0	0.0277248889472563	0.2477611270174123	0.0019615144002188	5.145710637042021e-22	279	145	427	321	375
405	421	0.0	0.0	0.040312250850175	0.4019088154682159	0.0027640567373393	1.4945601093346981e-13	279	145	396	280	348
406	422	0.0008008566743214812	1.120716570000226e-05	0.9641756917454508	3.396026460520269	0.953604395361219	0.0176602878402605	36	26	49	39	9
407	423	4.78516698642406e-07	0.0	0.0290406250524704	0.0797354143048347	0.0023883477589509	5.4231002222517525e-19	237	145	423	428	359
408	424	3.031557021174864e-06	1.709766476241464e-08	0.2687131872874433	1.779252477706989	0.0159729280245856	1.813941311716881e-05	196	136	171	101	192
409	425	6.133740127197165e-05	0.0	0.5276737596200527	1.658651752080649	0.0311857387139169	0.003027040551917	117	145	94	111	137
410	426	0.0	0.0	0.009146850054734	0.0	0.0028344763969129	1.679659868998435e-12	279	145	496	445	341
411	427	4.11981467358499e-05	0.0	0.4597857311033639	1.391823676537776	0.0197679055882959	0.0033590278714315	133	145	115	135	173
412	428	0.0	0.0	0.0156455147760867	0.0	0.0	1.65398978655658e-09	279	145	467	445	493
413	429	3.890317336276573e-06	0.0	0.4939109044291669	1.039334906865242	0.0127265904437721	0.020718852075055	194	145	103	179	215
414	430	0.0	0.0	0.0405686597064958	0.0804064543322552	0.0017073466333601	9.640198437571016e-16	279	145	395	419	386
415	431	0.0	0.0	0.0734637116880837	0.080694661413194	0.00042683807238891	4.733859391276773e-08	279	145	332	412	447
416	432	2.3846479339561203e-05	0.0	0.1545275512424249	0.9734045036345622	0.0144884556175189	4.375608799823251e-13	151	145	240	189	202
417	433	0.0	0.0	0.0908265538181568	0.3267244465334044	0.0024587674185241	1.66376024551568e-07	279	145	303	294	355
418	434	1.2360486772605471e-05	5.318284620575623e-08	0.986067721028874	2.952035574411806	0.0415838717786327	0.3906672203510351	169	128	45	48	119
419	435	0.0	0.0	0.0628322031749867	0.161357636367775	0.00085367520209467	3.9266622283813726e-11	279	145	367	368	418
420	436	1.8611634321820983e-06	0.0	0.2091865870555511	0.6620794472227198	0.0108085067718532	1.680386000700007e-08	205	145	207	221	229
421	437	0.0	0.0	0.0161022690308154	0.0	0.0	0.0027917282454014	279	145	459	445	493
422	438	0.0	0.0	0.0484766287484382	0.0826930068364431	0.00085367520209467	6.106342320887355e-12	279	145	388	390	418
423	439	0.0	0.0	0.0201202953159919	0.0	0.0	6.65697991474445e-07	279	145	452	445	493
424	440	0.00045949075492632144	0.0	0.0262527236160693	0.0826035725261293	0.0099944869933425	4.304140976366081e-32	53	145	439	398	239
425	441	2.7774765895662015e-07	0.0	0.025950939970954	0.0808045700846359	0.0082335714815305	1.072459111177669e-36	248	145	445	409	258
426	442	6.596923563707093e-07	0.0	0.2313630112472095	0.6435450788082023	0.0206284079153317	1.557181226962745e-06	228	145	189	225	167
427	443	1.9978814323197148e-05	0.0	0.2712865536392121	1.574217711819394	0.0143727159835712	1.435165177123007e-05	153	145	168	118	204
428	444	0.0	0.0	0.2703148726545793	0.4963301968333558	0.0082803877501387	0.0019782861902545	279	145	169	251	255
429	445	0.0	0.0	0.1811010155909148	0.4793387223116354	0.0051216838633915	2.973569905944173e-07	279	145	225	261	291
430	446	4.69404652256711e-07	0.0	0.1831888390596137	1.53764231207037	0.0156465555083235	2.0638480282813955e-13	239	145	223	122	197
431	447	3.620970844762593e-07	0.0	0.334394731518609	0.827474526147277	0.0113769314355343	1.180813325975437e-05	244	145	151	200	222
432	448	0.0	0.0	0.0038448075828445	0.0	0.00042683807238891	5.946395841233334e-19	279	145	525	445	447
433	449	0.0	0.0	0.0036459227038652	0.0	0.0	3.328589723084443e-25	279	145	526	445	493
434	450	0.0	0.0	0.0202231716785567	0.0	0.0	4.990517712293967e-09	279	145	450	445	493
435	451	2.3171921186422904e-05	0.0	0.1016417738982626	0.4680933988069622	0.0074269961072027	7.773918656251925e-10	152	145	291	264	261
436	452	0.0	0.0	0.010947913401987	0.0	0.00042683807238891	5.176553553243343e-08	279	145	476	445	447
437	453	4.880126149110907e-06	0.0	0.6243691793562046	0.925206891634058	0.0114531343762077	0.1101283382668549	187	145	74	194	221
438	454	0.000103759326156908	0.0	0.0260502967981967	0.080694661413194	0.0079711487410007	1.264179624210311e-20	99	145	443	412	260
439	455	0.0	0.0	0.1376295462063296	0.2482610551329823	0.0036548570497756	1.698865826998218e-08	279	145	262	311	329
440	456	0.0	0.0	0.0641948776126944	0.1619950629221069	0.002264251928776	8.945572794523289e-11	279	145	359	363	362
441	457	0.0	0.0	0.0266961616657871	0.161357636367775	0.0016050997582803	2.795797490814578e-25	279	145	437	368	392
442	458	5.791599153584356e-05	1.0569395326064525e-07	0.2545897086982009	0.5789058182679402	0.038666625473537	0.00023428804960954	119	118	175	233	122
443	459	0.0	0.0	0.0454016745356535	0.0804064543322552	0.00085367520209467	5.850236910740808e-13	279	145	392	419	418
444	460	0.0	0.0	0.0375746383668253	0.0775271810057059	0.001585803536247	0.0034553847151488	279	145	400	444	395
445	461	0.0002019723235855312	9.773676315341633e-07	1.9377850559274856	1.990455540123442	0.0319450056747877	0.9568705349960605	77	75	10	84	135
446	462	5.763885915739192e-07	0.0	0.0801646303534012	0.2449755534696504	0.007350048595297	1.185697521981436e-06	234	145	311	322	263
447	463	0.0	0.0	0.0412846021131725	0.1654406081422416	0.0011589682919798	2.821468386843512e-15	279	145	394	349	413
448	464	0.0	0.0	0.0147179758177606	0.0	0.00042683807238891	8.624250530307607e-09	279	145	470	445	447
449	465	0.0	0.0	0.1334043894636639	0.4022401618762182	0.0041646363472949	8.753605877390414e-05	279	145	265	279	310
450	466	0.0007565012723474417	5.354029833535826e-07	0.5396790107753231	1.71885054069095	0.243961760033868	0.0117663817258457	39	87	89	106	52
451	467	0.0	0.0	0.0824828631216743	0.1619950629221069	0.0021645577867579	1.758718935564711e-06	279	145	308	363	365
452	468	2.877437683145481e-06	9.735841039612921e-08	0.2298085272136418	1.800048358542061	0.1013846305733331	1.802840823537617e-08	197	121	192	99	86
453	469	1.898707373607861e-05	0.0	0.1495478164226802	0.9819739095475388	0.0243860175922485	1.684997520383574e-17	155	145	245	187	156
454	470	1.534569286404049e-06	0.0	0.0686243175178897	0.2391998175252572	0.0044991954341753	4.215801454544856e-08	209	145	345	336	302
455	471	7.51267558392201e-08	0.0	0.1382065786497565	0.2482610551329823	0.0021645577867579	6.499196415067687e-09	264	145	261	311	365
456	472	0.0	0.0	0.0284371405865903	0.2408981797634445	0.0030056906823136	3.337098131086064e-33	279	145	426	335	338
457	473	0.0	0.0	0.0712024347675071	0.0804064543322552	0.001229387951553	4.473386850182921e-07	279	145	340	419	404
458	474	0.0	0.0	0.0110233918689357	0.0	0.0	4.972667291216417e-09	279	145	475	445	493
459	475	0.0	0.0	0.0644853156830156	0.0808045700846359	0.00042683807238891	9.64885873492854e-10	279	145	356	409	447
460	476	0.0	0.0	0.0090064866790836	0.0	0.0	2.156105088766678e-15	279	145	497	445	493
461	477	0.0	0.0	0.0036379776610318	0.0	0.0026618098622594	1.228491844059596e-17	279	145	527	445	350
462	478	1.619610281378796e-05	1.33753703659814e-06	0.0795925288744966	2.41031205907706	0.0618318574871989	0.0407714593827726	161	67	314	66	98
463	479	0.0	0.0	0.0024201555791048	0.0	0.0	5.698289429406917e-25	279	145	547	445	493
464	480	0.0	0.0	0.076843586052496	0.1652478288328031	0.0019615144002188	7.164233298212268e-07	279	145	320	356	375
465	481	0.0	0.0	0.0057432367921108	0.0	0.00042683807238891	5.72360742340603e-17	279	145	519	445	447
466	482	0.0	0.0	0.0062230214621874	0.0	0.0037224477451927	9.482042766984009e-16	279	145	513	445	324
467	483	0.0	0.0	0.2574881333759454	0.3179693097229411	0.0037224477451927	0.0059199011068278	279	145	174	300	324
468	484	0.00023280542667080464	2.631307827819314e-07	0.5603054309921326	1.719874022413826	0.037660040442821	0.0154781699228015	72	104	84	105	126
469	485	0.0	0.0	0.0642892094272406	0.33624047044849	0.0041492754467412	1.907199003704391e-06	279	145	358	286	311
470	486	0.0	0.0	0.036662373796157	0.2374940231821467	0.0029123524635972	1.713607143656603e-13	279	145	402	340	339
471	487	0.0	0.0	0.0105059360337465	0.0	0.0	3.116755466817689e-08	279	145	480	445	493
472	488	5.131584077652869e-08	0.0	0.4802539135951062	1.226427696760548	0.0169254426720243	0.0314085880913884	272	145	108	160	186
473	489	0.0	0.0	0.0102246302787419	0.0	0.0	3.356153036669627e-09	279	145	484	445	493
474	490	9.896356748743295e-06	1.218654660314873e-07	0.1556591492877564	0.4844503822459733	0.0127383078291527	1.942372133095249e-05	172	116	238	257	214
475	491	0.0	0.0	0.1433487226002404	0.0826035725261293	0.001229387951553	0.0004405183051753	279	145	253	398	404
476	492	4.486510851643845e-05	3.010705042612892e-07	0.4326957342759905	3.410926190749758	0.047273080630663	2.055455887057669e-07	128	100	125	36	113
477	493	0.0	0.0	0.0105901293760705	0.0	0.0	4.753735292163194e-10	279	145	478	445	493
478	494	0.001372739945952	4.133073912825375e-06	0.3425738899964801	2.253035271557882	0.5118092986102853	0.012592820847955	21	45	147	72	31
479	495	0.0009206691248877852	1.4950815092574563e-06	0.4336618863584524	3.063719482341401	0.2851152355681329	6.103804745748445e-09	32	65	124	47	49
480	496	0.0	0.0	0.5051555790339407	0.5789058182679402	0.0054411050402888	0.0606830235423363	279	145	98	233	286
481	497	2.412619029441879e-07	0.0	0.1005123510030702	0.4202014131901913	0.0046500391789946	3.731216010689826e-07	250	145	292	266	299
482	498	0.0	0.0	0.0270230325717741	0.1606092920236894	0.0023053971059043	4.617773769265113e-17	279	145	435	371	361
483	499	1.507164320098986e-07	0.0	0.0985866823279254	0.2479512374420204	0.0038911780154421	1.578704420591464e-06	258	145	294	317	318
484	500	0.0011100218071242	1.0526538640819858e-05	0.5523161575620196	1.392839998707505	0.8937261734926957	0.0040940587333384	25	27	86	133	13
485	501	0.0	0.0	0.0618706440429993	0.1619950629221069	0.0020126378377587	1.090514053294858e-12	279	145	369	363	370
486	502	0.0	0.0	0.0205344207531197	0.0	0.0	2.077534666696812e-06	279	145	449	445	493
487	503	0.0005493345338571051	1.0708470636733164e-06	0.1425246798187494	1.050218938517168	0.1059795931627742	4.920570731376663e-11	49	70	254	176	84
488	504	0.0	0.0	0.0084157700452877	0.0	0.001585803536247	3.27486419736581e-13	279	145	498	445	395
489	505	0.0046866298872296	1.8564464869235476e-05	1.1160207936198088	3.727536773874968	0.720264655827341	0.3150377832166534	8	22	27	30	20
490	506	4.1946323426684416e-05	0.0	0.149346423561666	1.040254805744262	0.0331117315523141	5.401873477520246e-12	131	145	247	177	132
491	507	0.0	0.0	0.0201742145906783	0.0	0.0	6.815291657695383e-07	279	145	451	445	493
492	508	0.0	0.0	0.0029006514189035	0.0	0.00042683807238891	2.358273511115927e-25	279	145	535	445	447
493	509	3.3671422294246904e-05	6.79226665114908e-08	0.8501867512496166	2.270763643013397	0.0489395900866952	0.2875493645874317	139	124	56	71	111
494	510	0.0	0.0	0.0564679164137912	0.0804064543322552	0.001229387951553	6.854139671386537e-12	279	145	378	419	404
495	511	0.0	0.0	0.0688343336564382	0.2425389703651312	0.0043191566126721	4.289824563085341e-09	279	145	343	328	305
496	512	6.31836799328221e-08	0.0	0.1464167800518112	0.4970739836451442	0.005500546975804	1.854393324746259e-16	266	145	250	248	284
497	513	1.6695620634555815e-05	0.0	0.1037784042208493	0.2479512374420204	0.0089323625278672	1.027201017856923e-05	159	145	290	317	248
498	514	4.620459171771253e-06	0.0	0.1201745579663831	0.827474526147277	0.0138500884793278	3.582257146946106e-11	188	145	276	200	207
499	515	0.0	0.0	0.0033229118487859	0.0	0.0	1.8887438097878177e-29	279	145	530	445	493
500	516	0.0	0.0	0.0333283670403716	0.2384135407951238	0.0028011969321538	6.166698495702649e-15	279	145	406	338	343
501	517	0.00021506254501693303	1.2012106447107584e-06	0.8324271190282279	1.51844289095899	0.0491388237088674	0.0055380122540647	74	68	57	124	110
502	518	0.0	0.0	0.2329826106340584	0.5044181985112755	0.0037224477451927	0.00028815532021146	279	145	187	246	324
503	519	6.921672411312088e-06	1.5518116519763418e-06	0.0672285341880837	1.145032999389346	0.0250991039142191	2.6557362268217907e-42	181	63	349	167	154
504	520	0.0	0.0	0.1198824802471372	0.9926655847782744	0.0117348130145005	3.3996794625269e-14	279	145	278	186	220
505	521	0.0002791766267383625	1.0801945719911346e-06	1.132808693776963	4.662911114810666	0.0844779983472515	0.3479123723962801	66	69	26	14	91
506	522	0.0	0.0	0.0351816727370666	0.3221958027584448	0.0200963845254102	2.615678538307655e-17	279	145	404	297	170
507	523	0.0	0.0	0.0664662491889443	0.0826930068364431	0.00080255176455473	1.2279619687570967e-11	279	145	352	390	434
508	524	3.0422492135468965e-05	4.7504741020076436e-08	0.2303265287915588	1.800884367618206	0.0318042176415598	1.662756999539482e-16	144	130	190	98	136
509	525	8.32695866017743e-07	0.0	0.3416974764830479	0.6623435537994169	0.0093484984418729	0.0021077904520611	224	145	148	220	246
510	526	3.240428880395559e-05	4.8852607332864015e-06	0.1735033965645362	1.244370130161506	0.0273355411508315	2.3324823401606372e-18	141	40	227	154	146
511	527	0.0	0.0	0.3256229514099247	0.4747933144919035	0.0041492754467412	0.0060947707383771	279	145	155	263	311
512	528	2.9875104920313574e-08	0.0	0.2480121844906328	0.9810925553301444	0.0087969287581162	9.693964379627552e-06	275	145	179	188	249
513	529	8.7528003405938e-05	0.0	0.4665112369796012	1.616012669528671	0.0177373274162628	0.0009835095195457	105	145	113	115	180
514	530	0.0	0.0	0.0499681451749004	0.0779087083543906	0.00080255176455473	0.0129813143354535	279	145	385	443	434
515	531	1.54416265328905e-05	1.0032990294309314e-06	0.2434476724536464	1.684022444623254	0.043353220730888	1.724954373334242e-06	162	73	182	107	117
516	532	1.484886872078724e-07	0.0	0.7442217309341798	0.5794705774799371	0.0079762575172128	0.1826073449755956	259	145	64	231	259
517	533	0.0	0.0	0.0161022690308154	0.0	0.0	0.0027917282454014	279	145	459	445	493
518	534	0.0	0.0	0.0756044252600177	0.1680556312891711	0.0016562231958202	3.583287603090894e-07	279	145	323	347	388
519	535	0.0	0.0	0.0191801649192369	0.0	0.0	1.679801221327391e-05	279	145	453	445	493
520	536	0.0	0.0	0.0242653575725252	0.0	0.0018374185700438	0.00017719280684432	279	145	448	445	382
521	537	0.0	0.0	11.938527274552458	0.7280471034526609	0.0073172536450768	0.983080966983859	279	145	1	210	264
522	538	0.0004171942432730304	8.55754257277076e-06	2.7292276326799825	4.656104735905875	0.1658894964508226	0.8693801929159256	55	31	4	15	64
523	539	0.0	0.0	0.1872698739969691	0.0826930068364431	0.00042683807238891	0.0042504325811904	279	145	222	390	447
524	540	0.0	0.0	0.0296925616677216	0.2368010182558741	0.0029123524635972	2.655093777052372e-17	279	145	420	342	339
525	541	2.0588145998866934e-06	0.0	0.4469897815891399	0.9552213040609128	0.0137933019871415	0.0125439371057699	200	145	118	193	208
526	542	0.0	0.0	0.2135881234020626	0.4138442994380304	0.0067280554533595	2.300494738818913e-05	279	145	202	267	270
527	543	1.4662757341224768e-06	0.0	0.4325520158100622	0.9111529684626244	0.0100493043783849	0.0079239342286335	210	145	126	195	238
528	544	7.021639002414648e-08	0.0	0.1060199056001807	0.2369227862057254	0.0056520830730522	2.724233389071875e-05	265	145	289	341	281
529	545	0.0011988783901779	4.732604926533024e-06	1.9225750193061049	4.610487819982438	0.544729951350228	0.9357427162972464	24	41	11	17	26
530	546	0.0005837783730088114	5.9221324756459445e-06	2.837379321254243	7.005803586061329	0.5440270378730846	0.9999977695404402	45	35	3	3	27
531	547	6.289840153782261e-07	0.0	0.6491890549142341	1.076603664999951	0.011333401549807	0.0195540895798829	230	145	70	173	223
532	548	6.092091571873209e-08	0.0	0.4982304405196472	0.4138437692995318	0.0083868695830105	0.0565154352546498	267	145	101	268	254
533	549	0.0	0.0	0.0048585758521195	0.0	0.0	1.7339280359053642e-19	279	145	521	445	493
534	550	1.823703652934765e-05	0.0	0.2047709845462979	0.5564361557859466	0.010945333681338	1.799889565129644e-07	156	145	210	243	227
535	551	2.506490684013151e-06	0.0	0.6083247472092174	1.346997229039983	0.0161468880129653	0.0653695931931011	198	145	78	141	191
536	552	0.0	0.0	0.1654717627297099	1.476726102427631	0.0108722189371615	0.1151032334687191	279	145	233	126	228
537	553	0.0	0.0	0.1169359483830338	0.233718111663988	0.0027640567373396	0.0765147897933501	279	145	280	346	347
538	554	4.439208499828228e-05	0.0	0.2499995352797299	0.9707383214185482	0.0082600177043499	2.7414475156734843e-08	129	145	178	190	257
539	555	0.0	0.0	0.5902243585055534	0.1579482393522028	0.0016562231958202	0.1285672277287694	279	145	80	381	388
540	556	1.2338900357091095e-09	0.0	0.0801507468741475	0.1595547309833024	0.0038911780154421	3.333181887168831e-07	278	145	312	373	318
541	557	8.517831437739637e-06	0.0	0.0817749198508338	1.472529823640313	0.0190060396957632	1.3223409987839506e-34	176	145	309	127	175
542	558	9.61097951439243e-09	0.0	0.0097871051963314	0.0	0.0038911780154421	2.157344906024175e-05	277	145	490	445	318
543	559	1.5431916680665672e-06	0.0	0.2701275641955825	0.4131268711317527	0.0060145340539594	0.0054510569224182	208	145	170	269	278
544	560	0.0	0.0	0.0114772613381351	0.0	0.004266883222375	3.625359607151828e-13	279	145	474	445	308
545	561	9.741081750782171e-06	2.80617895702666e-07	0.187603127420854	1.451377574373271	0.0214938152483489	1.1368158876631528e-19	173	102	221	128	163
546	562	0.0	0.0	0.0163211474278059	0.0	0.00042683807238891	3.387102748693353e-05	279	145	457	445	447
547	563	6.640620105460424e-05	0.0	0.4540577337428782	1.57258056883604	0.0325642224149072	0.00029620459001538	114	145	116	119	134
548	564	1.1144377422255616e-05	0.0	0.1066919758774536	0.2521502481321013	0.0071339912365694	1.825203467101925e-05	170	145	288	307	266
549	565	0.0	0.0	0.1467623309993954	0.0789371376203656	0.0020126378377587	0.00027387342733368	279	145	249	439	370
550	566	0.0	0.0	0.1535726590672861	0.33624047044849	0.0060431482376143	0.00018156183978848	279	145	241	286	277
