site	plos2015_gene_site	plos2015_wiley81_class	plos2015_wiley87_class	plos2015_bush99_class	plos2015_shih07_class	plos2015_pan11_class	plos2015_meyer14_group	plos2015_koel13_group	plos2015_b_human_linear	plos2015_b_human_nonlinear	plos2015_fel_dnds	plos2015_fel_dnds_internal	plos2015_slac_dn_all	plos2015_rate4site	plos2015_distance_to_sa	plos2015_notes
1	17								0.0	0.0	0.584289137	0.255600912		-0.005638		
2	18								0.0	0.0	0.611085813	0.887535369		0.7147		
3	19	N	N			P			0.0	0.0	2.305518852	3.224666296		3.268		Not plotted in 1981 and 1987
4	20								0.0	0.0	0.210064247	0.0		-0.07925		
5	21					P			0.0	0.0	0.807681672	0.413881332		2.975		
6	22								0.0	0.0	0.495001958	0.287718302		0.1509		
7	23								0.0	0.0	0.508981185	0.548740694		0.5265		
8	24								0.0	0.0	0.535521125	0.136379508		0.2266		
9	25	N	N						0.0	0.0	0.585722881	2.085783469		0.3775	112.8961392	
10	26								0.0	0.0	1.200740404	0.811517162		1.248	109.4205617	
11	27								0.0	0.0	0.037715155	0.0	0.0	-0.6478	105.7545935	
12	28								0.0	0.0	0.431094345	0.165240917	3.499343365	-0.02397	102.5472521	
13	29								0.0	0.0	0.077667761	0.0	0.814198935	-0.5596	99.298575	
14	30								0.0	0.0	9.56e-17	0.0	0.0	-0.6819	96.21634621	
15	31								0.0	0.0	0.148679073	0.0	1.659583599	-0.2919	92.88451486	
16	32								0.0	0.0	9.56e-17	0.0	0.0	-0.6907	89.69408425	
17	33								0.0	0.0	0.160898737	0.142051851	0.898126819	-0.3922	86.00470789	
18	34								0.0	0.0	0.040192883		0.448907961	-0.6374	83.8549379	
19	35								0.0	0.0	0.075444474	0.0	1.000032061	-0.573	81.95486641	
20	36								0.0	0.0	0.203211119	0.149596421	0.0	-0.347	79.87641726	
21	37								0.0	0.0	0.336670019	0.486110298	1.500164718	0.2889	79.96156591	
22	38								0.0	0.0	5.84e-16	0.0	0.0	-0.7225	76.57601239	
23	39								0.0	0.0	5.84e-16	0.0	0.0	-0.6907	74.5130017	
24	40								0.0	0.0	0.086090144	0.0	0.499976558	-0.5846	71.30337685	
25	41					P			0.0	0.0	0.826580338	0.612562158	5.378250216	0.9954	70.65806506	
26	42								0.0	0.0	5.84e-16	0.0	0.0	-0.7214	69.28775094	
27	43								0.0	0.0	0.394753366	1.023783422	2.400503061	0.2047	68.92714556	
28	44								0.0	0.0	9.56e-17	0.0	0.0	-0.7239	71.01795056	
29	45								0.0	0.0	0.134668256	0.0	0.478997484	-0.503	71.71200864	
30	46								0.0	0.0	0.344627081	0.136099939	3.498686839	-0.1646	74.29365708	
31	47	N	N						0.0	0.0	0.742998944	1.923030119	4.488907278	0.5897	73.25157911	
32	48								0.0	0.0	0.145157824	0.311763929	1.3467897	-0.3621	70.10689773	
33	49					P			0.0	0.0	1.138226213	1.807198409	12.48734541	0.8871	71.36903322	
34	50		N				EG1		0.0	1.0	0.314324871	1.118890041	1.916963554	-0.21	74.14917087	
35	51								0.0	0.0	5.84e-16	0.0	0.0	-0.7106	74.9569584	
36	52						EG1		0.0	1.0	0.081247351	0.0	0.0	-0.5721	74.99147919	
37	53								0.0	0.0	3.18e-16	0.0	0.0	-0.7239	75.65948794	
38	54								0.0	0.0	0.041177206	0.0	0.44889503	-0.6505	72.13160225	
39	55								0.0	0.0	3.18e-16	0.0	0.0	-0.7216	68.79847508	
40	56								0.0	0.0	0.086097212	0.194783733	0.499994678	-0.5846	65.34824155	
41	57								0.0	0.0	9.68e-17	0.0	0.0	-0.7106	61.92731897	
42	58								0.0	0.0	0.077635952	0.0	0.813467049	-0.5597	59.89325312	
43	59								0.0	0.0	0.121900762	0.0	0.499995943	-0.4971	56.69600104	
44	60			C					0.0	0.0	5.84e-16	0.0	0.0	-0.7149	54.28661436	
45	61			C		P			0.0	0.0	1.684685614	4.241359232	17.07683135	3.102	53.10285434	
46	62			C					0.0	0.0	0.288104947	0.245551716	1.499936223	-0.3377	51.69672399	
47	63			C					0.0	0.0	0.609807332	0.856908901	3.943465782	-0.009944	48.95662383	
48	64		C	C					0.0	0.0	0.664503233	2.264258601	6.402431078	0.4067	48.53753069	
49	65					P			0.0	0.0	0.706049329	1.214069414	4.991240509	2.484	45.01991225	
50	66		C	C	C	P			0.0	2.0	1.422049859	2.572793536	10.14045249	3.265	43.50343004	
51	67			C					0.0	0.0	0.105370548	0.091577304	0.711418793	-0.5032	42.01276532	
52	68								0.0	0.0	0.039799023	0.0	0.0	-0.5271	43.97559589	
53	69	C	C	C	C		EG1		0.0	2.0	1.789885057	10.66956633	13.4720214	3.268	42.10886786	
54	70	C	C	C	C		EG1		0.0	2.0	0.41295613	0.29476704	4.939823444	-0.01153	44.84549972	
55	71								0.0	0.0	0.041968508	0.0	0.5	-0.5747	45.67303511	
56	72								0.0	0.0	0.3219603	0.14196768	2.24475458	-0.06566	42.28288735	
57	73			E	E	P			0.0	0.0	1.012647809	0.87952832	9.630528655	0.7059	39.19768416	
58	74		N						0.0	0.0	0.404397932	0.121998991	3.834282973	-0.06385	37.0566743	
59	75			E					0.0	0.0	0.36543568	0.829004835	3.499727749	0.374	33.38254863	
60	76								0.0	0.0	2.73e-16	0.0	0.0	-0.7149	32.25691233	
61	77								0.0	0.0	5.84e-16	0.0	0.0	-0.6907	28.62110706	
62	78		E	E	E	P			0.0	0.0	0.818014801	0.725665146	5.682150479	1.272	28.66194578	
63	79	N	E	E	E				0.0	0.0	0.082367662	0.0	0.897797842	-0.5775	25.23069799	
64	80								0.0	0.0	0.039794306	0.0	0.479303514	-0.5272	23.85401458	
65	81								0.0	0.0	0.086099707	0.0	0.999996094	-0.5846	24.32668079	
66	82								0.0	0.0	0.15544766	0.0	0.814262348	-0.4257	25.20266386	
67	83		N	E	E				0.0	0.0	0.210661531	0.824993168	1.422275372	-0.2832	22.15401225	
68	84								0.0	0.0	9.56e-17	0.0	0.0	-0.7149	19.80926574	
69	85								0.0	0.0	0.188798933	0.0	1.499967677	-0.3487	22.04413701	
70	86						EG1		0.0	1.0	6.73e-16	0.0	0.0	-0.6926	21.93196472	
71	87								0.0	0.0	2.29e-16	0.0	0.0	-0.6926	18.16459584	
72	88								0.0	0.0	5.84e-16	0.0	0.0	-0.6907	17.96602575	
73	89								0.0	0.0	0.036271202	0.0	0.0	-0.6275	16.27854821	
74	90								0.0	0.0	9.56e-17	0.0	0.0	-0.6975	16.91769983	
75	91			E	E	P			0.0	0.0	0.46077663	0.386033021	4.444485568	-0.02106	19.70979846	
76	92								0.0	0.0	3.18e-16	0.0	0.0	-0.6819	21.28030077	
77	93								0.0	0.0	0.108843135	0.0	0.0	-0.4506	21.42445597	
78	94	N	E	E	E	P			0.0	0.0	0.843338603	1.05502832	6.980596263	3.178	24.94950848	
79	95								0.0	0.0	0.559371382	0.698632545	2.6944095	0.9612	25.86504375	
80	96			E					0.0	0.0	0.255342568	0.204174555	2.119118912	-0.3619	25.02949862	
81	97		E	E	E				0.0	0.0	0.329735898	0.06392361	2.693459746	-0.1402	28.05462483	
82	98			E	E		N		0.0	2.0	0.174625177	0.0	1.476738661	-0.303	29.94903344	
83	99	N	E	E	E	P	N		0.0	2.0	0.425652853	0.402916194	3.826643163	0.2916	32.77488665	
84	100								0.0	0.0	1.0	0.0	0.0	-0.6306	34.74467537	
85	101								0.0	0.0	0.072552386	0.0	0.89779003	-0.5389	37.62252842	
86	102			E					0.0	0.0	3.18e-16	0.0	0.0	-0.6926	36.19726206	
87	103			E					0.0	0.0	0.046506138	0.0	0.448916627	-0.5509	32.60884282	
88	104			E					0.0	0.0	0.652121798	0.655275996	4.49875895	0.4789	32.81325333	
89	105								0.0	0.0	0.038163989	0.0	0.0	-0.6143	29.97745562	
90	106								0.0	0.0	6.73e-16	0.0	0.0	-0.7142	30.16827352	
91	107		C	E					0.0	0.0	0.344008465	0.0	3.591194668	-0.07917	29.6050154	
92	108		C	E	E	P			0.0	0.0	0.742512901	1.026103466	5.296140527	0.9868	27.66895826	
93	109								0.0	0.0	0.264276218	0.0	2.0	-0.1997	24.85767687	
94	110			E	E				0.0	0.0	1.416228019	7.671344982	7.389322172	3.251	21.31704788	
95	111								0.0	0.0	9.56e-17	0.0	0.0	-0.7264	17.77138965	
96	112			D					0.0	0.0	0.660491014	0.829772351	4.93863774	0.4427	15.23899112	
97	113								0.0	0.0	9.56e-17	0.0	0.0	-0.6819	12.14298427	
98	114								0.0	0.0	0.051734272	0.0	0.499989312	-0.5412	9.611072766	
99	115								0.0	0.0	0.041967396	0.0	0.5	-0.5747	11.82266341	
100	116								0.0	0.0	0.051743629	0.0	0.499962434	-0.5412	13.9077944	
101	117								0.0	0.0	0.145953988	0.411010335	1.349307251	-0.3592	17.34716891	
102	118			D					0.0	0.0	0.081274412	0.0	0.499976571	-0.572	19.98577124	
103	119			D					0.0	0.0	0.167993947	0.121045206	2.000663351	-0.2038	22.51887422	
104	120								0.0	0.0	0.108845992	0.0	1.346672183	-0.4507	25.7475747	
105	121								0.0	0.0	0.207012392	1.450696695	1.499678201	-0.1031	24.34297744	
106	122					P			0.0	0.0	0.568696268	0.607293324	4.5	0.3983	27.98439861	
107	123								0.0	0.0	0.048050536	0.205581251	0.500010706	-0.6623	28.95461281	
108	124								0.0	0.0	3.18e-16	0.0	0.0	-0.6926	26.26172623	
109	125			E					0.0	0.0	0.106598436	0.0	0.975107772	-0.4453	27.13276724	
110	126	N							0.0	0.0	9.56e-17	0.0	0.0	-0.7264	30.76342001	
111	127								0.0	0.0	0.155418055	0.583694792	0.814509305	-0.4258	30.784727	
112	128								0.0	0.0	0.818533411	2.971515934	4.997732953	0.7835	28.89151384	
113	129								0.0	0.0	3.18e-16	0.0	0.0	-0.7216	31.16977619	
114	130						EG4		0.0	1.0	0.166404464	0.427209881	1.127019147	-0.5327	34.17562901	
115	131						EG4		0.0	1.0	5.84e-16	0.0	0.0	-0.7264	33.17946569	
116	132								0.0	0.0	9.56e-17	0.0	0.0	-0.6907	33.28415464	
117	133			D					0.0	0.0	0.086255165	0.115916093	0.999319258	-0.5843	31.0223612	
118	134								0.0	0.0	0.232895403	0.0	0.813984074	-0.292	27.4567416	
119	135								0.0	0.0	0.076329783	0.0	0.483290003	-0.517	28.77831434	
120	136								0.0	0.0	2.73e-16	0.0	0.0	-0.6897	26.11638623	
121	137			D	D	P	EG2		0.0	1.0	1.083570732	4.739588964	8.173032342	1.185	26.84455672	
122	138	A	C	A	A	P	EG2		0.0	1.0	0.8316274	1.170949732	6.787030331	0.7452	24.27176252	Probably wrong in 1987
123	139						EG2		0.0	1.0	9.56e-17	0.0	0.0	-0.7106	25.02117834	
124	140		N	A	A	P	EG2		0.0	1.0	1.145811504	0.560436782	12.16852656	1.374	24.5788592	
125	141								0.0	0.0	5.11e-17	0.0	0.0	-0.6897	22.57108046	
126	142	N	B	A	A	P	EG2		0.0	1.0	0.164004015	0.287042325	0.897788872	-0.4297	22.31045783	Probably wrong in 1987
127	143								0.0	0.0	0.073558825	0.0	0.0	-0.3717	19.31162328	
128	144		M	B		P			0.0	0.0	1.331911141	1.412090778	8.490547096	1.362	20.78830388	
129	145		B	B					0.0	0.0	0.034915561	0.0	0.517288272	-0.554	18.95846967	
130	146			A					0.0	0.0	0.08125269	0.0	0.5	-0.5721	15.28368913	
131	147			A	A	P	EG2		0.0	1.0	0.391337755	0.22248568	2.74964718	-0.08282	12.96991025	
132	148		A	A					0.0	0.0	6.73e-16	0.0	0.0	-0.7149	12.86227501	
133	149	A	A	A	A	P	EG2		0.0	2.0	0.449366205	0.458907461	3.591241357	0.01744	11.44113039	
134	150								0.0	0.0	3.18e-16	0.0	0.0	-0.6907	7.669712117	
135	151		M	A	A		EG2		0.0	2.0	0.345414058	1.991477093	3.996679916	-0.2223	6.678111742	
136	152						EG2		0.0	1.0	0.034332229	0.0	0.448897389	-0.6625	5.380417118	
137	153	A	A	A	A	P	EG2		0.0	2.0	0.339381836	0.428732986	2.998958332	-0.2383	7.954011833	
138	154			A			EG2		1.0	1.0	2.620668357	2.779856762	24.0	3.268	8.823097471	
139	155								1.0	0.0	9.56e-17	0.0	0.0	-0.6819	10.36480785	
140	156			A		P	EG2		1.0	2.0	1.014286545	309286000000000.0	7.872802659	1.378	12.24175491	
141	157								1.0	0.0	0.177772524	0.0	0.974741763	-0.2651	14.77220175	
142	158			A	A	P	EG2		1.0	3.0	1.859974	3.096528221	17.1109513	3.268	17.43644863	
143	159	A	A	A	A		EG2		1.0	3.0	0.096017924	0.0	0.500048075	-0.5975	16.50874793	
144	160	A	A	A	A	P	EG2		1.0	3.0	1.569756379	1.959706767	10.98792087	2.313	13.12202973	
145	161	A	A	A	A	P	EG2	P	1.0	3.0	1.904000776	2.548070888	13.19030573	3.261	9.564545313	
146	162	A	A	A	A		EG2		1.0	3.0	0.034341561	0.0	0.0	-0.6625	10.1901926	
147	163						EG4		1.0	1.0	9.56e-17	0.0	0.0	-0.6897	10.39581036	
148	164						EG4		1.0	1.0	5.84e-16	0.0	0.0	-0.6897	13.50925373	
149	165						EG4		1.0	1.0	0.103024761	0.0	0.0	-0.5328	16.25168908	
150	166			A			EG4		1.0	2.0	0.483659347	0.259527739	4.993263537	0.4557	17.62352291	
151	167						EG4		1.0	2.0	1.03e-15	0.0	0.0	-0.6926	14.71541395	
152	168			A			EG4		1.0	2.0	0.041174718	0.0	0.0	-0.6505	13.09827261	
153	169						EG4		0.0	2.0	1.0	0.0	0.0	-0.6306	9.774200476	
154	170						EG4		0.0	1.0	0.073873054	0.0	0.0	-0.5596	11.09901168	
155	171	B	B	B	B	P	EG3	P	0.0	2.0	0.342353537	1.111139515	2.920217839	-0.3599	9.937021352	
156	172		B	B	B	P	EG3	P	0.0	4.0	0.887408758	0.230749117	5.178572344	1.054	12.45311828	
157	173		N	B	B	P	EG3		0.0	4.0	1.944170266	2.165991143	16.38692943	2.881	14.78498323	
158	174		B	B	B	P	EG3	P	0.0	5.0	0.932688566	1.896049593	8.325920643	1.207	16.37115164	
159	175		B	B	B	P	EG3	P	0.0	4.0	0.671874002	10.23789439	5.085744845	1.204	16.77534571	
160	176		B	B	B		EG3		0.0	4.0	0.218379492	0.11189875	1.921055467	-0.2015	17.26745944	
161	177						EG4		0.0	2.0	0.051746985	0.0	0.499951686	-0.5412	16.22568137	
162	178						EG4		0.0	2.0	0.210858712	0.216907816	1.501379358	-0.0873	19.64014885	
163	179		B	B	B				0.0	0.0	0.189096406	0.108406369	1.49968392	-0.3477	21.11963432	
164	180	N	N	B	B				0.0	0.0	0.232341545	0.339823012	2.453670046	-0.2918	20.51377906	
165	181			B					0.0	0.0	0.206058101	0.0	1.346696744	-0.3591	23.76791155	
166	182								0.0	0.0	0.2438621	0.0	1.999249758	-0.2716	24.46325708	
167	183			D					0.0	0.0	0.388045085	0.0	3.499914909	-0.09472	27.08836114	
168	184			A					0.0	0.0	0.168010289	0.001766983	0.666693445	-0.2489	27.97341601	
169	185						EG4		0.0	1.0	0.041974812	0.0	0.500042971	-0.5747	31.55469702	
170	186			D			EG4		0.0	1.0	0.123595899	0.0	0.0	-0.5046	32.82806504	Not plotted in 1987
171	187			D			EG4		0.0	1.0	0.578396609	0.922230531	3.142602029	0.2984	35.90776198	
172	188		D	D	D	P	EG4		0.0	3.0	0.34096065	0.368652005	2.356299477	0.1709	36.22870248	
173	189		D	D	D	P	EG4		1.0	2.0	1.726543229	2.721277255	9.384502177	3.052	38.5518413	
174	190	N	D	D	D		EG4		1.0	2.0	0.18616962	0.216897202	1.346904557	-0.1311	36.12464284	
175	191			D			EG4		1.0	3.0	0.181587421	0.733379256	1.346684452	-0.3623	33.43252127	
176	192			D			EG4		1.0	1.0	0.043625447	0.0	0.0	-0.6078	29.78863597	
177	193			D					1.0	0.0	9.68e-17	0.0	0.0	-0.6926	27.02516538	
178	194								1.0	0.0	3.18e-16	0.0	0.0	-0.6865	23.65157741	
179	195			D					1.0	0.0	0.089727145	0.0	0.95848529	-0.5766	20.60028003	
180	196								1.0	0.0	1.0	0.0	0.0	-0.6306	17.76527328	
181	197								1.0	0.0	3.18e-16	0.0	0.0	-0.6907	15.25545527	
182	198	N	N	D					0.0	0.0	0.284640425	0.073196015	1.499945159	-0.1969	13.8990043	
183	199								1.0	0.0	1.134503055	0.221039542	3.591850326	1.403	10.54476583	
184	200								1.0	0.0	0.08039887	0.0	0.448903588	-0.5556	11.38428683	
185	201								1.0	0.0	1.03e-15	0.0	0.0	-0.6975	9.203666928	
186	202	B		B	B				1.0	0.0	1.291249394	0.844976807	9.792106042	3.268	10.69810981	Not plotted in 1987
187	203			B			EG3		1.0	1.0	0.043053337	0.0	0.0	-0.6547	11.81830739	
188	204	B	B	B	B		EG3		1.0	1.0	0.949551292	1.09982151	6.285805234	1.405	13.37000971	
189	205	B	B	B	B	P	EG3	P	1.0	3.0	0.644092424	3.359095268	4.711163063	0.5502	11.70061822	
190	206			B	B		EG3		1.0	2.0	0.327182691	0.364871097	1.347863707	0.08124	8.227579226	
191	207		N				EG3		1.0	1.0	9.56e-17	0.0	0.0	-0.7149	10.42625286	
192	208			B	B	P	EG3		1.0	1.0	1.374521056	2.199121317	11.82966101	1.362	12.23909064	
193	209	B	B	B	B	P		P	1.0	0.0	1.245868194	1.861318188	6.287182285	1.706	9.811679612	
194	210			B			EG3		1.0	1.0	2.459872489	1.099479681	14.13611944	3.265	8.321469175	
195	211								1.0	0.0	0.518580224	2.178852227	1.499866875	0.7646	11.69133431	
196	212			B	B		EG3		1.0	2.0	0.419250066	0.921852542	2.998981074	0.1002	14.37644412	
197	213		B	B	B	P			1.0	0.0	0.638034765	0.25260421	5.033763769	0.1696	16.44571345	
198	214		B	B					1.0	0.0	0.772322027	2.306540645	7.235075098	0.6589	16.70434153	
199	215		M						1.0	0.0	0.921590313	3.945231301	6.147031038	0.3919	17.07504841	
200	216								0.0	0.0	9.56e-17	0.0	0.0	-0.6907	16.28929558	
201	217	D	D	D	D	P			1.0	0.0	0.372453304	0.958031686	4.498837679	0.186	18.53665294	
202	218					P			1.0	0.0	0.574760376	0.680645965	3.873075547	0.2363	18.96607152	
203	219			D					1.0	0.0	0.172335386	0.165064458	1.496033779	-0.4442	22.56384309	
204	220						EG4		1.0	1.0	0.081280047	0.085149505	0.499977638	-0.5721	23.68270587	
205	221	D	M				EG4		1.0	2.0	0.04798142	0.0	0.500005304	-0.6625	27.42966476	
206	222						EG4		1.0	2.0	5.84e-16	0.0	0.0	-0.7239	30.45683644	
207	223	D	D	D	D	P			1.0	0.0	0.393672069	0.336404074	3.842028222	0.2045	34.01839203	
208	224	D	N	D			EG4		1.0	2.0	0.334354309	0.0	1.998745262	0.09573	34.70854995	Not plotted in 1987
209	225			D			EG4		1.0	1.0	0.24055151	0.0	2.244647288	-0.2733	31.44085954	
210	226						EG4		1.0	2.0	3.18e-16	0.0	0.0	-0.7149	28.41142762	
211	227						EG4		1.0	1.0	0.06383153	0.0	0.707053	-0.6274	25.34606246	
212	228			D			EG4		1.0	1.0	0.287614345	0.934872044	3.5	-0.2235	23.38897975	
213	229		N	D	D				1.0	0.0	0.121811191	0.096860642	0.5	-0.4971	20.41538459	Not plotted in 1987
214	230			D					1.0	0.0	0.765230109	1.257703849	6.233820978	0.5258	19.20589132	
215	231			D					1.0	0.0	0.083949657	0.0	1.000033093	-0.4509	15.86424207	
216	232			D					1.0	0.0	0.370044898	0.311157517	1.795562911	-0.06695	16.46977298	
217	233	D	D	D	D				1.0	0.0	0.359353824	0.15840531	2.396630427	-0.1371	14.38711557	
218	234		M	D					1.0	0.0	0.313645538	0.0	2.059973681	0.5469	14.77861838	
219	235		M	D		P			0.0	1.0	0.868049933	0.324404645	5.488971764	0.4613	14.22420376	
220	236	D							0.0	0.0	0.973373379	1.172905993	10.50327432	1.434	15.08812464	
221	237								0.0	0.0	1.180150708	0.354942873	12.49812863	3.21	15.99395356	
222	238					P	N		0.0	1.0	0.286727752	0.130432418	1.6478789	0.01819	13.67345818	
223	239						EG3		0.0	1.0	1.539518527	0.512307042	8.877564893	2.589	13.16029427	
224	240								0.0	0.0	0.071067847	0.0	0.487557379	-0.5351	11.91891666	
225	241					P	N		0.0	1.0	3.719232918	2.642449555	34.51520098	3.268	10.22454686	
226	242	N	D	D	D	P			0.0	0.0	2.070702578	1.656538028	13.1714694	3.247	8.625553933	
227	243			D	D	P			0.0	0.0	0.173942374	0.297069593	1.0	-0.3226	10.73644754	
228	244	N	N	D					0.0	0.0	9.56e-17	0.0	0.0	-0.7264	9.209819236	
229	245			D		P			0.0	0.0	1.461182524	0.580907665	14.04025161	3.217	10.79899283	Illegible in 1987
230	246			D					0.0	0.0	0.356528482		2.587025719	0.0115	11.7160695	
231	247								0.0	0.0	5.11e-17	0.0	0.0	-0.7264	15.48295989	
232	248								0.0	0.0	0.044821267	0.0	0.478429857	-0.6499	17.41477037	
233	249								0.0	0.0	0.258563442	0.965903141	1.999081443	0.03883	20.51388705	
234	250								0.0	0.0	1.0	0.0	0.0	-0.6306	23.16276272	
235	251						EG4		0.0	1.0	3.18e-16	0.0	0.0	-0.7239	25.89546617	
236	252								0.0	0.0	0.17565184	0.551198043	1.067056266	-0.3569	29.05854567	
237	253								0.0	0.0	0.040630243	0.0	0.499980311	-0.6472	30.79442542	
238	254			D			EG4		0.0	1.0	0.261995429	0.0	2.400225545	-0.1001	34.46797045	
239	255								0.0	0.0	0.125938495	0.0	1.000019881	-0.3273	36.58664478	
240	256			D					0.0	0.0	0.034909297	0.0	0.517341753	-0.554	37.4350887	
241	257						EG4		0.0	1.0	5.11e-17	0.0	0.0	-0.7149	34.60027532	
242	258	N	D	D	D		EG4		0.0	2.0	0.492915254	0.277036577	1.777340043	0.3058	31.45894004	
243	259						EG4		0.0	1.0	0.274056315	0.0	1.999551613	0.1096	27.78023755	
244	260		D	D	D				0.0	0.0	0.073874657	0.0	0.81887138	-0.5597	26.32345567	
245	261								0.0	0.0	0.044857527	0.0	0.0	-0.6499	22.70265946	
246	262		D	D		P			0.0	0.0	1.035526059	0.301099875	8.530122865	1.119	22.29391717	
247	263			D					0.0	0.0	0.206289309	0.173110484	1.346806442	-0.3376	19.09205737	
248	264			D	D				0.0	0.0	0.344816076	0.164540125	1.9996723	-0.1642	18.11582227	
249	265								0.0	0.0	4.73e-16	0.0	0.0	-0.6907	14.47368289	
250	266								0.0	0.0	3.18e-16	0.0	0.0	-0.7225	12.16496409	
251	267								0.0	0.0	0.077729073	0.0	0.0	-0.5597	13.84255366	
252	268								0.0	0.0	0.044860641	0.0	0.479270118	-0.6499	12.66654472	
253	269								0.0	0.0	3.18e-16	0.0	0.0	-0.7216	15.64526976	
254	270								0.0	0.0	3.18e-16	0.0	0.0	-0.6975	18.31407871	
255	271								0.0	0.0	3.18e-16	0.0	0.0	-0.7142	19.38553051	
256	272						EG3		0.0	1.0	9.56e-17	0.0	0.0	-0.6907	22.96089958	
257	273								0.0	0.0	0.10350246	0.0	0.0	-0.3948	25.07925492	
258	274								0.0	0.0	9.68e-17	0.0	0.0	-0.6897	26.72359684	
259	275								0.0	0.0	0.174596139	0.336560656	0.960068432	-0.3031	30.46057367	
260	276	N	N	E	E	P			0.0	0.0	0.562240235	1.104531828	4.624127143	0.4542	32.18813216	
261	277		N	E					0.0	0.0	2.029351782	1.527931143	22.5613553	2.762	35.40447132	
262	278			E	E	P			0.0	0.0	0.871768977	1.305754709	6.747124048	0.9204	38.04311037	
263	279								0.0	0.0	0.100577784	0.077602902	0.500123698	-0.2789	40.02496127	
264	280								0.0	0.0	0.656366183	0.505035566	4.320216171	0.8181	40.49935147	
265	281			E					0.0	0.0	0.137378625	0.259796409	0.897815839	-0.468	37.01035902	
266	282								0.0	0.0	9.56e-17	0.0	0.0	-0.7264	35.6191832	
267	283								0.0	0.0	0.492775507	0.276916942	3.558485682	0.303	33.50424284	
268	284								0.0	0.0	0.16790803	0.0	2.000198759	-0.249	34.67669917	
269	285								0.0	0.0	0.44404368	0.40439197	3.479717185	0.3649	33.36742347	
270	286								0.0	0.0	3.18e-16	0.0	0.0	-0.7264	35.46704589	
271	287					P			0.0	0.0	0.072730423	1.01834658	0.897781456	-0.5395	35.49727464	
272	288								0.0	0.0	0.302054462	0.388531431	2.5	-0.1251	38.75217814	
273	289			C		P			0.0	0.0	0.463531189	0.540826042	4.496744564	0.6555	39.00769598	
274	290								0.0	0.0	0.044849909	0.185675211	0.958461239	-0.6499	39.69268978	
275	291	C	C	C	C	P	N		0.0	1.0	0.60933979	1.503593268	5.96771296	1.657	43.15318517	
276	292			C	C		N		0.0	2.0	0.850110774	5.199227016	5.722218416	1.059	45.13729852	
277	293								0.0	0.0	9.56e-17	0.0	0.0	-0.6819	47.74021496	
278	294	C	C	C	C	P	N		0.0	2.0	0.867759015	0.807161837	5.951947376	0.8754	48.57685084	
279	295			C					0.0	0.0	0.288186882	0.193294519	2.499813294	-0.3379	48.2815711	
280	296			C					0.0	0.0	0.76642361	1.526303735	6.657667193	1.163	47.8613308	
281	297								0.0	0.0	5.11e-17	0.0	0.0	-0.6819	46.65867354	
282	298								0.0	0.0	0.089720564	0.0	0.479164158	-0.5766	43.38204178	
283	299								0.0	0.0	9.68e-17	0.0	0.0	-0.7239	42.53936351	
284	300								0.0	0.0	9.56e-17	0.0	0.0	-0.6975	39.71745317	
285	301								0.0	0.0	0.123567171	0.0	0.897781456	-0.5048	42.49588853	
286	302								0.0	0.0	2.73e-16	0.0	0.0	-0.6907	43.34674746	
287	303								0.0	0.0	3.66e-17	0.0	0.0	-0.7264	45.55993608	
288	304								0.0	0.0	0.134641255	0.0	1.437832672	-0.5033	48.9163418	
289	305								0.0	0.0	0.294073079	0.229604121	3.0	0.1661	52.18340064	
290	306								0.0	0.0	0.247272182	0.0	2.244501842	-0.2863	53.02884629	
291	307								0.0	0.0	0.472454207	1.101307803	2.69459424	0.4365	56.83316755	
292	308						EG1		0.0	1.0	0.262031006	0.252371557	1.920269077	-0.1001	57.17903066	
293	309								0.0	0.0	9.56e-17	0.0	0.0	-0.6975	56.63491338	
294	310			C			EG1		0.0	1.0	9.56e-17	0.0	0.0	-0.6897	54.70790185	
295	311								0.0	0.0	5.84e-16	0.0	0.0	-0.7149	52.23525018	
296	312								0.0	0.0	0.041183535	0.0	0.448890728	-0.6505	50.99070521	
297	313			C					0.0	0.0	0.203201452	0.209697589	1.998930849	-0.347	48.09577549	
298	314								0.0	0.0	0.082371202	0.0	0.448890728	-0.5775	45.13632108	
299	315			C	C				0.0	0.0	0.249508666	0.225607064	1.950692816	-0.08456	44.74511755	
300	316			C					0.0	0.0	0.314278252	0.0	2.874330054	-0.2103	41.65335468	
301	317								0.0	0.0	0.172290213	0.0	0.999923717	-0.4447	42.94574756	
302	318								0.0	0.0	0.05172994	0.0	0.499994685	-0.5412	42.24028008	
303	319								0.0	0.0	9.56e-17	0.0	0.0	-0.6907	45.04499692	
304	320			C					0.0	0.0	0.796698255	0.303925424	6.4997219	0.8655	48.82902869	
305	321			C			EG1		0.0	1.0	9.68e-17	0.0	0.0	-0.6819	49.17995248	
306	322								0.0	0.0	9.56e-17	0.0	0.0	-0.6975	51.90531248	
307	323		N	C	C		EG1		0.0	1.0	0.148499192	0.095539595	0.500070457	-0.3554	51.3954785	
308	324			C					0.0	0.0	3.18e-16	0.0	0.0	-0.6865	49.98782807	
309	325			C					0.0	0.0	0.611037726	0.326500177	5.998342951	0.4036	52.61509756	
310	326			C					0.0	0.0	0.261792647	0.176956194	1.968794821	-0.1005	53.03923587	
311	327			C					0.0	0.0	0.063802185	0.184514353	0.70674175	-0.6274	56.16887464	
312	328			C		P			0.0	0.0	1.109853542	1.191077715	8.082215726	1.263	55.8885031	
313	329								0.0	0.0	0.172314821	0.0	0.5	-0.4444	59.18489375	
314	330								0.0	0.0	0.155425355	0.0	0.0	-0.4256	61.50278156	
315	331								0.0	0.0	2.73e-16	0.0	0.0	-0.7084	64.66846233	
316	332								0.0	0.0	0.296051631	0.358830078	0.0	-0.1573	66.49544544	
317	333								0.0	0.0	0.03783593	0.0	0.0	-0.6475	70.17853722	
318	334								0.0	0.0	0.043176936	0.0	0.0	-0.6544	71.44314519	
319	335								0.0	0.0	0.034110547	0.0	0.0	-0.5535	75.0265415	
320	336								0.0	0.0	3.18e-16	0.0	0.0	-0.7196	77.83933659	
321	337								0.0	0.0	9.68e-17	0.0	0.0	-0.714	78.53433997	
322	338								1.0	0.0	5.84e-16	0.0	0.0	-0.7224	79.24431691	
323	339		N						1.0	0.0	0.408307347	0.229829001	2.498858582	0.03088	82.61835228	
324	340								1.0	0.0	0.042159922	0.0	0.500074962	-0.5741	84.03115065	
325	341								1.0	0.0	0.230108232	0.0	2.902180063	-0.1261	86.26591119	
326	342								1.0	0.0	0.570731992	0.72175715	5.761519653	0.6096	88.38984847	
327	343	N	N						1.0	0.0	0.12828195	0.0		-0.5381		
328	344								1.0	0.0	0.08649419	0.222233155		-0.584		
329	345								1.0	0.0	0.074691427	0.0		-0.5344		
330	346								1.0	0.0	3.18e-16	0.0	0.0		82.05596253	
331	347								1.0	0.0	0.143071002	0.241941645	1.066989664		83.52191866	
332	348								1.0	0.0	0.06319309	0.293659081	0.0		86.34636788	
333	349								1.0	0.0	0.183036439	0.069330053	1.000060071		87.70229953	
334	350						EG1		1.0	1.0	0.10302556	0.693166156	0.0		88.19977216	
335	351								1.0	0.0	5.84e-16	0.0	0.0		85.45691809	
336	352								1.0	0.0	1.83e-15	0.0	0.0		85.63213229	
337	353								1.0	0.0	5.84e-16	0.0	0.0		88.71608769	
338	354								1.0	0.0	5.84e-16	0.0	0.0		92.08135657	
339	355								1.0	0.0	0.048239049	0.0	0.355448216		90.63744068	
340	356								1.0	0.0	0.420742665	0.391230232	0.0		90.44150012	
341	357								0.0	0.0	5.11e-17	0.0	0.0		87.79159253	
342	358								0.0	0.0	5.84e-16	0.0	0.0		86.05631228	
343	359								0.0	0.0	0.104495808	0.0	0.787486098		87.17603286	
344	360								0.0	0.0	0.054220717	0.0	0.483519222		84.97269384	
345	361								0.0	0.0	9.56e-17	0.0	0.0		87.41643341	
346	362								0.0	0.0	3.18e-16	0.0	0.0		86.53739829	
347	363								0.0	0.0	1.550588359	1.773306595	12.94515495		83.90592653	
348	364								0.0	0.0	0.105725065	0.0	0.897781456		84.19643596	
349	365								0.0	0.0	3.18e-16	0.0	0.0		83.7851435	
350	366								0.0	0.0	1.03e-15	0.0	0.0		82.71986785	
351	367								0.0	0.0	6.73e-16	0.0	0.0		86.14681026	
352	368								0.0	0.0	0.0979413	0.0	0.0		89.60267007	
353	369								0.0	0.0	0.2293671	0.871199983	0.448895029		93.21926152	
354	370								0.0	0.0	0.17113034	0.073305363	0.487671709		95.30127166	
355	371								0.0	0.0	0.294973887	0.222453485	0.448952365		99.03234168	
356	372								0.0	0.0	0.66049607	0.144518545	4.953513338		102.2303671	
357	373								0.0	0.0	9.56e-17	0.0	0.0		105.364025	
358	374								0.0	0.0	0.35468837	1.142345939	2.499893314		108.3966478	
359	375								0.0	0.0	0.056418765	0.0	0.483206344		106.2994862	
360	376								0.0	0.0	9.56e-17	0.0	0.0		103.8786064	
361	377								0.0	0.0	0.733812624	0.730080673	4.723112748		100.4000436	
362	378								0.0	0.0	2.73e-16	0.0	0.0		97.13633031	
363	379						EG1		0.0	1.0	4e-17	0.0	0.0		93.73029666	
364	380						EG1		0.0	1.0	3.18e-16	0.0	0.0		91.84182181	
365	381						EG1		0.0	1.0	6.42e-16	0.0	0.0		88.50253581	
366	382						EG1		0.0	1.0	9.56e-17	0.0	0.0		88.64205912	
367	383								0.0	0.0	0.270545328	0.0	1.500621848		86.19948938	
368	384								0.0	0.0	0.064627179	0.0	0.48004174		86.00705037	
369	385								0.0	0.0	5.11e-17	0.0	0.0		85.17011109	
370	386								0.0	0.0	5.84e-16	0.0	0.0		82.71970986	
371	387								0.0	0.0	4e-17		0.0		80.91968566	
372	388								0.0	0.0	0.22376883	0.0	2.000181758		80.96525003	
373	389								0.0	0.0	0.111762407	0.0	1.0		79.10732554	
374	390								0.0	0.0	0.332525565	0.201851104	2.393087558		76.69858009	
375	391								0.0	0.0	0.444093842	0.388061343	3.591125822		76.02001789	
376	392								0.0	0.0	0.094695634	0.0	0.707134919		75.30868666	
377	393								0.0	0.0	0.06654708	0.0	0.479244378		72.97648302	
378	394								0.0	0.0	0.2454143	0.213900309	1.799068157		71.10272439	
379	395						EG1		0.0	1.0	0.199134443	0.0	2.001671208		70.94858729	
380	396						EG1		0.0	1.0	3.18e-16	0.0	0.0		69.27327163	
381	397								0.0	0.0	5.84e-16	0.0	0.0		66.93341014	
382	398						EG1		0.0	1.0	0.06108231	0.0	0.448890728		65.78784194	
383	399						EG1		0.0	1.0	0.490299674	0.125979242	4.546462152		65.18114904	
384	400						EG1		0.0	1.0	0.110642668	0.360302117	0.815062783		63.05984316	
385	401								0.0	0.0	0.275386903	0.139520254	1.917507009		60.94231393	
386	402						EG1		0.0	1.0	0.496881491	0.382115538	4.21759751		60.39571054	
387	403						EG1		0.0	1.0	0.200997958		1.440089167		57.05157001	
388	404								0.0	0.0	9.56e-17	0.0	0.0		54.07695534	
389	405								0.0	0.0	9.56e-17	0.0	0.0		51.61055199	
390	406						EG1		0.0	1.0	0.293130556	0.161452655	2.418321195		48.50284767	
391	407						EG1		0.0	1.0	3.18e-16	0.0	0.0		45.27436909	
392	408								0.0	0.0	0.071377327	0.0	0.448912338		41.72405997	
393	409						EG1		0.0	1.0	3.18e-16	0.0	0.0		38.71656049	
394	410						EG1		0.0	1.0	0.097973584	0.178708265	0.727112764		39.73070263	
395	411						EG1		0.0	1.0	0.068849406	0.0	0.479270119		38.10966469	
396	412								0.0	0.0	9.56e-17	0.0	0.0		36.27296136	
397	413						EG1		0.0	1.0	0.066999917	0.0	0.480381713		38.71060532	
398	414						EG1		0.0	1.0	4e-17	0.0	0.0		36.69066836	
399	415								0.0	0.0	0.07139598	0.0	0.448899303		33.80400518	
400	416								0.0	0.0	0.853936518	0.60757048	5.636689334		31.38864467	
401	417						EG1		0.0	1.0	0.058591627	0.0	0.471885484		30.6860422	
402	418								0.0	0.0	0.374595609	0.16015777	2.998089969		33.12554721	
403	419						EG1		0.0	1.0	3.18e-16	0.0	0.0		32.85001004	
404	420						EG1		0.0	1.0	0.051475834	0.080227953	0.500241601		36.27370656	
405	421						EG1		0.0	1.0	0.113899515	0.0	0.999366347		38.13198556	
406	422								0.0	0.0	0.551831238	0.365501389	3.832971364		36.83715363	
407	423								0.0	0.0	6.73e-16	0.0	0.0		36.84145798	
408	424								0.0	0.0	0.222960032	0.0	1.795562911		40.25232664	
409	425								0.0	0.0	0.495257685	0.0	3.527249853		41.55939327	
410	426								0.0	0.0	0.058597867	0.0	0.4836946		40.13398474	
411	427								0.0	0.0	0.268205497	0.0	1.920219165		41.78053454	
412	428								0.0	0.0	9.56e-17	0.0	0.0		44.9929393	
413	429								0.0	0.0	0.124766465	0.185165229	0.999995944		45.3203603	
414	430								0.0	0.0	0.117215808	0.0	0.963911237		45.07852549	
415	431								0.0	0.0	3.18e-16	0.0	0.0		47.38316223	
416	432								0.0	0.0	0.198408929	0.0	1.499967943		49.83559834	
417	433								0.0	0.0	2.73e-16	0.0	0.0		49.8169835	
418	434								0.0	0.0	0.432452592	0.0	2.845965457		50.35699588	
419	435								0.0	0.0	3.18e-16	0.0	0.0		53.21122744	
420	436								0.0	0.0	0.140270724	0.0	1.000300917		54.89565488	
421	437								0.0	0.0	0.113089452	0.0	0.787657812		54.706931	
422	438								0.0	0.0	3.18e-16	0.0	0.0		55.90118108	
423	439								0.0	0.0	2.73e-16	0.0	0.0		58.8424368	
424	440								0.0	0.0	9.68e-17	0.0	0.0		59.58013103	
425	441								0.0	0.0	2.27e-15	0.0	0.0		59.59026697	
426	442								0.0	0.0	0.234648984	0.652917425	1.935859771		61.91419101	
427	443								0.0	0.0	0.210805532	0.0	1.500151375		64.32174204	
428	444								0.0	0.0	0.351897974	2.18687609	2.500026943		64.3725455	
429	445								0.0	0.0	0.125142461	0.648480938	0.999935263		65.53597069	
430	446								0.0	0.0	0.174261315	0.140842284	1.5		68.03719636	
431	447								0.0	0.0	0.359662156	0.471101849	3.251556866		69.64653122	
432	448								0.0	0.0	3.18e-16	0.0	0.0		69.6093601	
433	449								0.0	0.0	3.18e-16	0.0	0.0		71.10054208	
434	450								0.0	0.0	3.18e-16	0.0	0.0		73.82283683	
435	451								0.0	0.0	0.06188068	0.0	0.448906092		74.71449911	
436	452								0.0	0.0	4e-17	0.0	0.0		74.73538072	
437	453								0.0	0.0	0.069076489	0.0	0.479242506		77.16046962	
438	454								0.0	0.0	0.167682517	0.096422543	1.346697996		79.32999927	
439	455								0.0	0.0	5.84e-16	0.0	0.0		79.33740174	
440	456								0.0	0.0	9.56e-17	0.0	0.0		80.34395259	
441	457								0.0	0.0	0.111716223	0.0	0.897819628		83.10410512	
442	458								0.0	0.0	0.085460137	0.503834337	0.564207676		84.19256042	
443	459								0.0	0.0	0.05875022	0.0	0.471955777		84.46790595	
444	460								0.0	0.0	3.18e-16	0.0	0.0		86.69992551	
445	461								0.0	0.0	0.318077505	2.196067347	2.244453639		88.85590097	
446	462								0.0	0.0	3.18e-16	0.0	0.0		89.12914867	
447	463								0.0	0.0	0.119463166	0.0	0.81419817		90.4085403	
448	464								0.0	0.0	0.071578977	0.0	0.448909692		92.93349891	
449	465								0.0	0.0	6.74e-18	0.0	0.0		94.18418096	
450	466								0.0	0.0	0.638769225	1.30024668	4.863163918		94.42331039	
451	467								0.0	0.0	0.06627158	0.0	0.499942722		96.45670773	
452	468								0.0	0.0	0.648665422	0.447579503	4.916776786		98.75896357	
453	469								0.0	0.0	0.336981694	0.186403651	2.460804319		99.34627075	
454	470								0.0	0.0	0.196719664	0.215920937	1.414328815		100.401031	
455	471								0.0	0.0	6.73e-16	0.0	0.0		102.9170357	
456	472								0.0	0.0	0.109678715	0.0	0.976984713		104.7282396	
457	473								0.0	0.0	5.11e-17	0.0	0.0		107.8716556	
458	474								0.0	0.0	5.11e-17		0.0		107.9086764	
459	475								0.0	0.0	0.0580599	0.0	0.5		105.5666292	
460	476								0.0	0.0	5.11e-17	0.0	0.0		104.4696963	
461	477								0.0	0.0	9.56e-17	0.0	0.0		101.055399	
462	478								0.0	0.0	0.258711451	0.0	2.001112231		101.3614535	
463	479								0.0	0.0	9.56e-17	0.0	0.0		98.50980014	
464	480								0.0	0.0	5.11e-17	0.0	0.0		96.0811589	
465	481								0.0	0.0	2.73e-16	0.0	0.0		94.82825878	
466	482								0.0	0.0	9.56e-17	0.0	0.0		97.96181809	
467	483								0.0	0.0	0.143187166	0.0	0.897815842		100.8506864	
468	484								0.0	0.0	0.336384311	0.594171244	2.400695146		104.3921047	
469	485								0.0	0.0	0.108536786	0.0	0.714268531		105.9403844	
470	486								0.0	0.0	3.18e-16	0.0	0.0		109.7189165	
471	487								0.0	0.0	6.74e-18	0.0	0.0		110.7978227	
472	488								0.0	0.0	0.201617368	0.295694426	1.440057292		110.5981196	
473	489								0.0	0.0	6.74e-18	0.0	0.0		107.1283294	
474	490								0.0	0.0	0.223572722	0.321779279	1.79558012		106.461554	
475	491								0.0	0.0	5.11e-17		0.0		103.2258201	
476	492								0.0	0.0	0.815618785	0.460205246	6.999718731		103.5106097	
477	493								0.0	0.0	9.56e-17	0.0	0.0		104.2528721	
478	494								0.0	0.0	0.378883445		2.488344649		101.1871632	
479	495								0.0	0.0	0.425966166	0.290466362	3.583071898		99.12374959	
480	496								0.0	0.0	0.170953395	0.0	1.128225668		100.5786339	
481	497								0.0	0.0	3.18e-16	0.0	0.0		99.22246927	
482	498								0.0	0.0	0.057135297	0.0	0.500000809		95.82393055	
483	499								0.0	0.0	0.063395343	0.0	0.448890728		95.57501612	
484	500								0.0	0.0	0.10755208	0.071019373	1.034617744		96.915077	
485	501								0.0	0.0	5.84e-16	0.0	0.0		100.2306616	
486	502								0.0	0.0	9.56e-17	0.0	0.0		102.6058104	
487	503								0.0	0.0	0.792174637	0.275803581	6.284765794		105.8422724	
488	504								0.0	0.0	0.185773513	0.230593561	1.346853215		107.0624623	
489	505								0.0	0.0	1.648135502	2.349685793	13.02249112		110.4370967	
490	506								0.0	0.0	0.564766753	0.121918916	4.48691426		111.4357164	
491	507								0.0	0.0	3.18e-16	0.0	0.0		111.3826607	
492	508								0.0	0.0	0.056649051	0.0	0.497581772		112.1901622	
493	509								0.0	0.0	0.280331725	0.069601976	2.24451814		115.9106308	
494	510								0.0	0.0	9.56e-17	0.0	0.0		115.3016709	
495	511								0.0	0.0	0.058075559	0.0	0.500016043		112.4711971	
496	512								0.0	0.0	1.03e-15	0.0	0.0		114.3096749	
497	513								0.0	0.0	0.253686889	0.731410005	1.346672183		117.3290196	
498	514						EG1		0.0	1.0	0.063418741	0.120336937	0.449082158		115.1830218	
499	515								0.0	0.0	1.03e-15	0.0	0.0		113.2121008	
500	516								0.0	0.0	0.143208156	0.067823814	0.897807276		116.0094148	
501	517								0.0	0.0	0.49155067	0.621950489	3.66364612		119.2543752	
502	518								0.0	0.0	0.138124917	0.279222915				
503	519								0.0	0.0	0.268889098	0.103351969				
504	520								0.0	0.0	0.424668126	0.090914024				
505	521								0.0	0.0	0.75315553	2.17131984				
506	522								0.0	0.0	0.118673513	0.189245003				
507	523								0.0	0.0	9.68e-17	0.0				
508	524								0.0	0.0	0.336223485	0.127949357				
509	525								0.0	0.0	0.256399777	0.252202196				
510	526								0.0	0.0	0.315303294	0.047404872				
511	527								0.0	0.0	0.159329837	0.0				
512	528								0.0	0.0	3.18e-16	0.0				
513	529								0.0	0.0	0.335489751	0.0				
514	530								0.0	0.0	0.113263038	0.0				
515	531								0.0	0.0	0.276554407	0.0				
516	532								0.0	0.0	0.599057874	0.0				
517	533								0.0	0.0	1.03e-15	0.0				
518	534								0.0	0.0	4e-17					
519	535								0.0	0.0	9.56e-17	0.0				
520	536								0.0	0.0	3.18e-16	0.0				
521	537								0.0	0.0	0.11616909					
522	538								0.0	0.0	1.363070934	41843900000000.0				
523	539								0.0	0.0	0.085470027	0.0				
524	540								0.0	0.0	0.122609096	0.141004248				
525	541								0.0	0.0	0.430014277	0.572784146				
526	542								0.0	0.0	0.227416527	0.0				
527	543								0.0	0.0	0.210722751	0.0				
528	544								0.0	0.0	5.11e-17	0.0				
529	545								0.0	0.0	0.693332936	2.173161515				
530	546								0.0	0.0	1.075889609	3.782158488				
531	547								0.0	0.0	0.341786334	0.376155508				
532	548								0.0	0.0	0.114336938	0.0				
533	549								0.0	0.0	0.05161989	0.227764005				
534	550								0.0	0.0	0.286506612	0.0				
535	551								0.0	0.0	0.207417013	0.0				
536	552								0.0	0.0	0.215684184	214762000000.0				
537	553								0.0	0.0	1.03e-15	0.0				
538	554								0.0	0.0	0.233485057	0.0				
539	555								0.0	0.0	9.56e-17	0.0				
540	556								0.0	0.0	3.18e-16	0.0				
541	557								0.0	0.0	0.201799307	0.039011392				
542	558								0.0	0.0	3.66e-17	0.0				
543	559								0.0	0.0	0.063489158	0.0				
544	560								0.0	0.0	9.56e-17	0.0				
545	561								0.0	0.0	0.440409237	0.479071736				
546	562								0.0	0.0	6.74e-18	0.0				
547	563								0.0	0.0	0.382341179	2.194434566				
548	564								0.0	0.0	0.069434111	0.261089956				
549	565								0.0	0.0	0.061628021					
550	566								0.0	0.0	0.069500026	0.0				
