site	virus_evolution2016_gene_site	virus_evolution2016_unpassaged_tips_dnds	virus_evolution2016_nonsiat_tips_dnds	virus_evolution2016_siat_tips_dnds	virus_evolution2016_cell_tips_dnds	virus_evolution2016_egg_tips_dnds	virus_evolution2016_unpassaged_tips_dnds_rank	virus_evolution2016_nonsiat_tips_dnds_rank	virus_evolution2016_siat_tips_dnds_rank	virus_evolution2016_cell_tips_dnds_rank	virus_evolution2016_egg_tips_dnds_rank
1	17	0.737875777592	0.71766017921	0.0	0.724045791463	0.0	122	177	167	218	31
2	18	0.482756020641	1.44296636194	0.484337134835	1.92745086135	0.0	190	100	129	106	31
3	19	3.96065961885	6.95443272036	0.487774151516	7.40133694972	0.0	3	8	122	8	31
4	20	0.5	1.5	0.999823079054	2.49985048343	0.0	141	89	50	72	31
5	21	2.06374079405	4.14313605154	1.53931467135	4.1310157454	0.0	18	22	19	35	31
6	22	1.37231924389	0.453063467305	0.918274471218	1.36291800166	0.0	64	238	61	145	31
7	23	0.457187706777	1.81133877953	0.918149101228	3.1790031414	0.0	201	78	65	50	31
8	24	0.914117266924	2.26402337917	0.459093192662	2.72465971295	0.0	112	55	143	65	31
9	25	0.457058633462	2.26400209542	0.459074550614	2.72460442167	0.0	211	56	146	66	31
10	26	0.998358341184	2.98985448833	1.49814402734	4.48738155897	0.0	96	32	27	33	31
11	27	0.0	0.0	0.0	0.0	0.0	223	265	167	293	31
12	28	0.499847753767	1.99657215063	0.99950442716	2.99586057533	0.0	164	66	52	54	31
13	29	0.0	0.0	0.0	0.0	0.0	223	265	167	293	31
14	30	0.0	0.0	0.0	0.0	0.0	223	265	167	293	31
15	31	0.500383174134	1.00013747319	0.0	1.00010044982	0.0	133	124	167	164	31
16	32	0.0	0.0	0.0	0.0	0.0	223	265	167	293	31
17	33	0.0	0.0	0.0	0.0	0.0	223	265	167	293	31
18	34	0.457110235575	0.905635897646	0.459130549555	1.36239468217	0.0	203	160	141	149	31
19	35	0.5	0.500042877568	1.00008848966	2.00023926032	0.0	141	196	46	95	31
20	36	0.0	0.0	0.0	0.0	0.0	223	265	167	293	31
21	37	0.0	1.00010510185	0.500044220406	1.50015827799	0.0	223	125	95	124	31
22	38	0.0	0.0	0.0	0.0	0.0	223	265	167	293	31
23	39	0.0	0.0	0.0	0.0	0.0	223	265	167	293	31
24	40	0.49983566628	0.5	0.0	0.5	0.0	165	199	167	239	31
25	41	1.76641951989	1.06608110264	0.704204918047	2.12804288351	0.0	32	114	79	88	31
26	42	0.0	0.0	0.0	0.0	0.0	223	265	167	293	31
27	43	0.965961501261	1.44305102453	0.0	1.44504920341	0.0	100	99	167	138	31
28	44	0.0	0.0	0.0	0.0	0.0	223	265	167	293	31
29	45	0.0	0.0	0.0	0.0	0.0	223	265	167	293	31
30	46	1.49926034422	1.49923048799	0.5	1.4994460201	0.0	48	94	99	131	31
31	47	1.82823453385	4.52809199541	1.37722365184	4.54106900861	0.0	29	19	39	28	31
32	48	0.914140579623	0.0	0.918372962699	1.36242992287	0.0	111	265	60	148	31
33	49	1.64235467118	1.56074300548	3.67239312462	4.94106373728	0.0	37	82	3	26	31
34	50	0.965062028948	0.0	0.0	0.0	0.0	103	265	167	293	31
35	51	0.0	0.0	0.0	0.0	0.0	223	265	167	293	31
36	52	0.0	0.0	0.0	0.0	0.0	223	265	167	293	31
37	53	0.0	0.499987587753	0.0	0.499991338486	0.0	223	212	167	247	31
38	54	0.0	0.452791621122	0.0	0.454094560677	0.0	223	249	167	280	31
39	55	0.0	0.0	0.0	0.0	0.0	223	265	167	293	31
40	56	0.0	0.0	0.0	0.0	0.0	223	265	167	293	31
41	57	0.0	0.0	0.0	0.0	0.0	223	265	167	293	31
42	58	0.0	0.0	0.0	0.0	0.0	223	265	167	293	31
43	59	0.0	0.0	0.0	0.0	0.0	223	265	167	293	31
44	60	0.0	0.0	0.0	0.0	0.0	223	265	167	293	31
45	61	3.19974345884	5.8868187881	0.0	5.4496988515	0.0	8	12	167	20	31
46	62	0.0	0.499989303208	0.0	0.499992533955	0.0	223	208	167	245	31
47	63	0.551696242975	0.558000970608	0.0	0.556093937632	0.571402113676	129	185	167	226	15
48	64	1.64828541841	1.29496931737	0.717496478436	2.02344574876	0.0	35	112	78	90	31
49	65	1.50055870661	0.999994836361	0.499940582425	1.99995299953	0.498587834688	40	131	111	98	19
50	66	0.478457795626	0.94889683539	1.43033904392	2.3741582362	0.0	197	155	36	82	31
51	67	0.35345841431	0.355542915573	0.704126802917	0.709616925545	0.0	216	261	80	221	31
52	68	0.0	0.0	0.0	0.0	0.0	223	265	167	293	31
53	69	4.1137603052	6.79608449459	4.13183853904	8.63165987835	0.0	2	9	2	6	31
54	70	1.82797363442	2.26501257963	0.459074550614	1.36267212789	0.0	31	53	146	146	31
55	71	0.0	0.0	0.0	0.0	0.0	223	265	167	293	31
56	72	0.0	0.45281796797	0.0	0.454113048397	0.0	223	243	167	275	31
57	73	0.750457375138	2.92343583145	2.29583405401	5.16946049086	0.0	120	33	9	21	31
58	74	1.4464072295	1.92279073855	0.483431870747	2.40636506657	0.0	58	70	135	80	31
59	75	0.999940205653	1.50038764716	0.0	1.50046073407	0.0	91	86	167	122	31
60	76	0.0	0.0	0.0	0.0	0.0	223	265	167	293	31
61	77	0.0	0.0	0.0	0.0	0.0	223	265	167	293	31
62	78	0.476472531437	1.42022982543	2.38834962571	3.79493415816	0.0	198	105	8	39	31
63	79	0.0	0.0	0.0	0.0	0.0	223	265	167	293	31
64	80	0.0	0.480780936665	0.0	0.481311358624	0.0	223	229	167	265	31
65	81	0.999976778465	0.0	0.0	0.0	0.0	89	265	167	293	31
66	82	0.841099557258	0.0	0.846916698694	0.0	0.0	115	265	73	293	31
67	83	0.0	1.06539343954	0.351646486703	1.41749507035	0.0	223	116	163	143	31
68	84	0.0	0.0	0.0	0.0	0.0	223	265	167	293	31
69	85	0.0	1.0	0.0	1.0	0.0	223	126	167	167	31
70	86	0.0	0.0	0.0	0.0	0.0	223	265	167	293	31
71	87	0.0	0.0	0.0	0.0	0.0	223	265	167	293	31
72	88	0.0	0.0	0.0	0.0	0.0	223	265	167	293	31
73	89	0.0	0.0	0.0	0.0	0.0	223	265	167	293	31
74	90	0.0	0.0	0.0	0.0	0.0	223	265	167	293	31
75	91	0.758636179736	1.47683295908	1.53317192475	2.97594329509	0.0	119	95	21	55	31
76	92	0.0	0.0	0.0	0.0	0.0	223	265	167	293	31
77	93	0.0	0.0	0.0	0.0	0.0	223	265	167	293	31
78	94	3.49472614201	3.49765591472	1.99911581303	5.49660712688	0.499295167858	5	26	13	19	18
79	95	0.914641917521	1.81215670178	0.459093174745	2.7257951392	0.0	107	74	145	61	31
80	96	0.0	0.717838553783	0.0	0.724177168869	0.0	223	176	167	216	31
81	97	1.82823453385	0.452782845813	0.0	0.454088400489	0.0	29	250	167	281	31
82	98	0.492491899307	2.45695502945	0.492935706764	2.95038838418	0.0	171	48	116	56	31
83	99	0.483294552381	0.962612318851	0.484546348248	1.44641697763	0.0	181	146	128	135	31
84	100	0.0	0.0	0.0	0.0	0.0	223	265	167	293	31
85	101	0.0	0.905581538215	0.459093191019	1.36230042818	0.0	223	165	144	152	31
86	102	0.0	0.0	0.0	0.499997112759	0.0	223	265	167	244	31
87	103	0.0	0.4528356419	0.0	0.454125464221	0.0	223	242	167	274	31
88	104	1.49985695271	0.499983456156	1.49982070338	1.99987296687	0.499659764321	43	213	24	100	17
89	105	0.0	0.0	0.0	0.0	0.0	223	265	167	293	31
90	106	0.0	0.0	0.0	0.0	0.0	223	265	167	293	31
91	107	1.37133062663	1.81113138325	0.918223658986	2.72460436862	0.0	67	79	62	67	31
92	108	2.90246489045	1.4448479093	1.45230180691	3.37476328002	0.0	11	97	32	47	31
93	109	0.0	0.5	0.5	1.0	0.0	223	199	99	167	31
94	110	1.48584118747	5.37792667621	1.99303974104	6.88821662749	0.492452504542	50	14	16	12	21
95	111	0.0	0.0	0.0	0.0	0.0	223	265	167	293	31
96	112	1.82855679659	1.81176360709	0.0	1.81679898446	0.0	26	76	167	111	31
97	113	0.0	0.0	0.0	0.0	0.0	223	265	167	293	31
98	114	0.0	0.0	0.0	0.0	0.0	223	265	167	293	31
99	115	0.0	0.0	0.0	0.0	0.0	223	265	167	293	31
100	116	0.0	0.499924770969	0.0	0.499947489105	0.0	223	215	167	252	31
101	117	0.457084391017	0.452782845813	0.918186374706	1.36228369197	0.0	207	250	64	154	31
102	118	0.499588568857	0.0	0.0	0.0	0.0	170	265	167	293	31
103	119	1.00064037995	0.50006688919	0.500174344649	1.00019577361	0.0	81	194	90	162	31
104	120	1.82854450076	1.35842768057	2.75545571699	3.63329990756	0.0	27	107	7	41	31
105	121	0.999845484614	0.499879124767	0.0	0.499917267265	0.0	94	217	167	254	31
106	122	0.5	2.5	0.5	2.5	0.0	141	40	99	71	31
107	123	0.0	0.0	0.0	0.0	0.0	223	265	167	293	31
108	124	0.0	0.500673312228	0.0	0.500489996975	0.0	223	188	167	229	31
109	125	0.0	0.485273707304	0.0	0.485597901216	0.0	223	224	167	258	31
110	126	0.0	0.0	0.0	0.0	0.0	223	265	167	293	31
111	127	0.839131965704	0.826156049453	0.0	0.830870934594	0.0	117	169	167	209	31
112	128	1.9985178732	4.49820288791	0.499965816371	4.49848508549	0.0	20	20	110	31	31
113	129	0.5	0.5	0.5	0.0	0.0	141	199	99	293	31
114	130	0.550476733059	1.11335980258	0.547394403972	1.66420724796	0.0	130	113	85	114	31
115	131	0.0	0.0	0.499977897941	0.500028708121	0.0	223	265	109	235	31
116	132	0.0	0.0	0.0	0.0	0.0	223	265	167	293	31
117	133	0.0	0.0	0.0	0.0	0.0	223	265	167	293	31
118	134	0.0	0.0	0.0	0.0	0.0	223	265	167	293	31
119	135	0.0	0.48279790822	0.0	0.483366643884	0.0	223	225	167	261	31
120	136	0.0	0.0	0.0	0.0	0.0	223	265	167	293	31
121	137	1.37170693666	0.905608808373	1.37762010161	2.72470156357	0.0	65	162	38	64	31
122	138	0.914117266924	5.88753154806	0.918149101228	5.90410009651	0.885308958903	112	11	65	14	12
123	139	0.0	0.0	0.0	0.0	0.0	223	265	167	293	31
124	140	2.28626314548	5.43705929166	3.21613820944	7.26973185661	0.443024491624	16	13	4	10	28
125	141	0.0	0.0	0.0	0.0	0.0	223	265	167	293	31
126	142	0.0	0.905594961719	0.459074550614	1.36229607239	0.0	223	163	146	153	31
127	143	0.0	0.0	0.0	0.0	0.0	223	265	167	293	31
128	144	0.999814964159	1.99940022513	1.99968675739	5.49855767503	0.0	95	64	11	17	31
129	145	0.0	0.0	0.0	0.0	0.0	223	265	167	293	31
130	146	0.0	1.0	0.0	1.49999133425	0.0	223	126	167	127	31
131	147	1.24978625972	0.5	0.0	0.499970102838	0.0	73	199	167	251	31
132	148	0.0	0.0	0.0	0.0	0.0	223	265	167	293	31
133	149	0.0	0.0	0.459074550614	0.454088400489	0.0	223	265	146	281	31
134	150	0.0	0.0	0.0	0.0	0.0	223	265	167	293	31
135	151	0.999883903134	1.99990228774	1.99901212469	2.99935851349	0.0	93	63	14	51	31
136	152	0.0	0.452795242212	0.0	0.4540970728	0.0	223	245	167	277	31
137	153	0.5	0.0	0.0	0.0	0.0	141	265	167	293	31
138	154	1.0	10.0	0.0	10.5	1.5	85	5	167	5	4
139	155	0.0	0.0	0.0	0.0	0.0	223	265	167	293	31
140	156	0.724665381452	3.59569323532	1.05537011765	4.2916538724	1.12998148021	123	25	43	34	7
141	157	0.0	0.0	0.0	0.0	0.0	223	265	167	293	31
142	158	3.01075274848	4.52956407696	1.00248186959	5.02771318636	0.0	9	18	44	23	31
143	159	0.500061711405	0.500053575395	0.0	0.500037394903	0.0	137	195	167	234	31
144	160	0.917692515136	0.908268498396	0.0	1.3647489705	0.443341942765	106	156	167	144	27
145	161	0.457058633462	4.07557833105	0.0	3.63291673252	0.0	211	23	167	42	31
146	162	0.0	0.452782845813	0.0	0.454088400489	0.0	223	250	167	281	31
147	163	0.0	0.0	0.0	0.0	0.0	223	265	167	293	31
148	164	0.0	0.0	0.0	0.0	0.0	223	265	167	293	31
149	165	0.0	0.0	0.0	0.0	0.0	223	265	167	293	31
150	166	1.49964118798	1.99931266357	0.49990582934	3.49913204748	0.0	45	65	113	45	31
151	167	0.0	0.0	0.0	0.0	0.0	223	265	167	293	31
152	168	0.0	0.0	0.0	0.0	0.0	223	265	167	293	31
153	169	0.0	0.0	0.0	0.0	0.0	223	265	167	293	31
154	170	0.0	0.0	0.0	0.0	0.0	223	265	167	293	31
155	171	0.0	0.0	0.0	0.0	0.0	223	265	167	293	31
156	172	1.37121456512	0.452782845813	0.0	0.454238602874	1.3402492225	69	250	167	273	6
157	173	2.47240200389	8.15133823946	0.0	7.30686298501	0.757218111899	15	6	167	9	13
158	174	1.39100805724	3.21169558739	0.0	5.49812241298	0.0	62	28	167	18	31
159	175	0.0	2.28659241191	0.0	2.33867557232	0.894251480451	223	52	167	83	10
160	176	1.94662894068	12.5417104801	5.44158773765	20.4287618664	0.0	21	3	1	2	31
161	177	0.499860538334	0.0	0.0	0.0	0.0	162	265	167	293	31
162	178	0.500233318859	1.00120026096	0.0	1.0008671308	0.0	134	121	167	159	31
163	179	0.0	0.500086079588	0.0	0.500060081225	0.0	223	192	167	233	31
164	180	0.0	0.0	0.0	0.0	0.0	223	265	167	293	31
165	181	0.0	0.452793743315	0.0	0.45409608128	0.0	223	247	167	279	31
166	182	1.49926135955	0.499846161374	0.499752140356	0.999630761698	0.0	47	218	115	179	31
167	183	0.0	0.0	0.0	0.0	0.0	223	265	167	293	31
168	184	1.00031023335	0.0	0.333443572534	0.333366179534	0.0	82	265	164	292	31
169	185	0.0	0.500142140236	0.500022101676	1.00022014872	0.0	223	190	98	161	31
170	186	0.0	0.0	0.0	0.0	0.0	223	265	167	293	31
171	187	1.37287508124	2.26414198394	0.0	2.72518642071	0.0	63	54	167	63	31
172	188	0.951410230985	0.0	0.954211568471	0.947873794974	0.0	105	265	58	192	31
173	189	1.35996995745	1.3453978209	1.49751810251	2.76379703624	0.0	72	109	30	60	31
174	190	0.457110279369	0.0	0.0	0.0	0.0	202	265	167	293	31
175	191	0.0	0.452782845813	0.0	0.454088400489	0.0	223	250	167	281	31
176	192	0.0	0.0	0.0	0.0	0.0	223	265	167	293	31
177	193	0.0	0.0	0.0	0.0	0.0	223	265	167	293	31
178	194	0.0	0.0	0.0	0.0	0.0	223	265	167	293	31
179	195	0.0	0.480636422015	0.96679984446	1.44365837878	0.0	223	230	56	139	31
180	196	0.0	0.0	0.0	0.0	0.0	223	265	167	293	31
181	197	0.0	0.0	0.0	0.0	0.0	223	265	167	293	31
182	198	0.499909974641	1.49978847695	0.0	1.49981773802	0.0	161	91	167	130	31
183	199	0.457097367378	1.8116594563	0.0	1.81672431043	0.446958907648	204	77	167	112	25
184	200	0.0	0.0	0.0	0.0	0.0	223	265	167	293	31
185	201	0.0	0.0	0.0	0.0	0.0	223	265	167	293	31
186	202	0.0	0.5	0.500022234833	1.00001520064	4.48817567294	223	199	97	166	1
187	203	0.0	0.0	0.0	0.0	0.0	223	265	167	293	31
188	204	1.82864759218	0.452840916063	0.459074550614	0.908258449892	0.0	25	241	146	196	31
189	205	0.0	1.44591418402	0.492277928168	1.94164162988	0.0	223	96	121	105	31
190	206	0.0	0.0	0.0	0.0	0.0	223	265	167	293	31
191	207	0.0	0.0	0.0	0.0	0.0	223	265	167	293	31
192	208	1.93116914232	5.04585538651	0.0	5.05197486024	0.0	22	15	167	22	31
193	209	0.914297840211	2.71797780427	0.0	2.7253550554	0.0	108	37	167	62	31
194	210	0.0	2.48021578739	0.0	2.49386535981	2.14012059075	223	45	167	73	3
195	211	0.499766898689	0.499989266933	0.0	0.499992509682	0.498579249751	168	211	167	246	20
196	212	0.0	0.0	0.0	0.0	0.0	223	265	167	293	31
197	213	1.46770281226	2.86843759506	0.0	2.90447240078	0.0	53	35	167	57	31
198	214	1.05055906842	2.09678783581	1.08830787194	3.19591468853	0.0	77	59	40	49	31
199	215	1.64772150549	2.19644355918	0.0	2.19979778861	0.0	36	58	167	86	31
200	216	0.516170996286	0.0	0.0	0.0	0.0	131	265	167	293	31
201	217	0.9999148627	0.999870201157	0.0	0.999882891183	0.0	92	136	167	176	31
202	218	0.48198533315	2.40298435782	0.0	2.87724809313	0.0	196	50	167	59	31
203	219	0.0	0.500010698041	0.0	0.500007466897	0.0	223	197	167	238	31
204	220	0.0	0.0	0.0	0.0	0.0	223	265	167	293	31
205	221	0.0	0.0	0.0	0.0	0.0	223	265	167	293	31
206	222	0.0	0.0	0.0	0.0	0.0	223	265	167	293	31
207	223	1.45001459026	0.480998698464	1.93685670703	2.40877949019	0.0	55	227	17	78	31
208	224	1.00003459186	0.999194981608	0.0	2.99922072325	0.0	84	141	167	53	31
209	225	0.914272225891	0.0	0.0	0.454088400489	0.0	109	265	167	281	31
210	226	0.0	0.0	0.0	0.0	0.0	223	265	167	293	31
211	227	0.0	0.71750325956	0.0	0.723933646912	0.0	223	179	167	220	31
212	228	1.5	1.0	1.0	1.5	0.0	41	126	47	126	31
213	229	0.0	0.0	1.0	1.0	0.0	223	265	47	167	31
214	230	3.37807772182	4.32673262589	1.45067896723	5.77621287709	0.952588161787	6	21	33	15	9
215	231	0.500009471322	0.0	0.0	0.0	0.0	140	265	167	293	31
216	232	0.0	0.905647681186	0.459074550614	1.36235157494	0.0	223	159	146	150	31
217	233	0.48252548024	2.88449263643	0.966863809158	2.88669521256	0.476358273115	194	34	55	58	24
218	234	0.0	2.59007603091	0.0	2.58728165052	0.0	223	38	167	69	31
219	235	0.5	0.999957118764	0.0	0.999970068645	1.49294870834	141	135	167	175	5
220	236	0.0	0.499991879543	0.0	0.499983312859	0.0	223	207	167	248	31
221	237	0.0	18.4873237861	0.0	19.991628306	0.0	223	2	167	3	31
222	238	0.501561818912	2.00761452792	0.501142876367	2.50859025352	0.0	132	60	87	70	31
223	239	0.409054922675	4.59073211659	0.358724892031	4.74437417347	0.0	215	17	159	27	31
224	240	0.0	0.0	0.0	0.0	0.0	223	265	167	293	31
225	241	1.37117590039	21.2807937532	0.918149101228	23.6125968254	0.443396676292	70	1	65	1	26
226	242	0.96410899348	0.0	0.0	0.0	0.0	104	265	167	293	31
227	243	0.0	0.499989295268	0.5	0.999985059489	0.0	223	210	99	172	31
228	244	0.0	0.0	0.0	0.0	0.0	223	265	167	293	31
229	245	0.0	0.0	0.0	0.0	0.0	223	265	167	293	31
230	246	0.0	1.50978007669	0.0	1.48005101742	0.0	223	84	167	132	31
231	247	0.0	0.0	0.0	0.0	0.0	223	265	167	293	31
232	248	0.0	0.0	0.0	0.0	0.0	223	265	167	293	31
233	249	0.0	0.0	0.0	0.0	0.0	223	265	167	293	31
234	250	0.0	0.0	0.0	0.0	0.0	223	265	167	293	31
235	251	0.0	0.0	0.0	0.0	0.0	223	265	167	293	31
236	252	1.05888760865	0.355274721847	0.351959587583	0.35451169902	0.0	75	262	162	290	31
237	253	0.0	0.0	0.0	0.0	0.0	223	265	167	293	31
238	254	0.966003568899	0.962032826638	0.0	0.96336817475	0.0	98	151	167	188	31
239	255	0.500018950506	0.500006574961	0.500087107388	1.00005809296	0.0	139	198	92	165	31
240	256	0.0	0.0	0.0	0.0	0.0	223	265	167	293	31
241	257	0.0	0.0	0.0	0.0	0.0	223	265	167	293	31
242	258	0.353041541068	1.06544501311	1.05576284424	2.12681595566	0.0	217	115	42	89	31
243	259	0.499964168354	1.50028624475	0.499889271565	2.00014362471	0.0	157	87	114	96	31
244	260	0.0	0.819201939199	0.0	0.823771002224	0.0	223	171	167	211	31
245	261	0.0	0.0	0.0	0.0	0.0	223	265	167	293	31
246	262	0.0	1.35842758302	0.0	1.81642758793	3.11159533067	223	108	167	113	2
247	263	0.457074490528	0.452844492469	0.0	0.908270893368	0.0	208	240	167	195	31
248	264	0.0	0.999832796455	0.0	0.999878766688	0.0	223	138	167	177	31
249	265	0.0	0.0	0.0	0.0	0.0	223	265	167	293	31
250	266	0.0	0.0	0.0	0.0	0.0	223	265	167	293	31
251	267	0.0	0.0	0.0	0.0	0.0	223	265	167	293	31
252	268	0.0	0.0	0.0	0.0	0.0	223	265	167	293	31
253	269	0.0	0.0	0.0	0.0	0.0	223	265	167	293	31
254	270	0.0	0.0	0.0	0.0	0.0	223	265	167	293	31
255	271	0.0	0.0	0.0	0.0	0.0	223	265	167	293	31
256	272	0.0	0.0	0.0	0.0	0.0	223	265	167	293	31
257	273	0.0	0.0	0.0	0.0	0.0	223	265	167	293	31
258	274	0.0	0.0	0.0	0.0	0.0	223	265	167	293	31
259	275	0.965981833007	0.0	0.483953859515	0.481681106035	0.0	99	265	133	263	31
260	276	1.41124916094	1.77663018403	0.704023093148	2.48217639792	0.0	60	80	81	76	31
261	277	7.30264856789	10.9644891704	2.76651788088	15.5346180318	0.0	1	4	6	4	31
262	278	1.37117590039	4.98142839299	1.83629820246	6.3579669485	0.0	70	16	18	13	31
263	279	0.0	0.50028121519	0.0	0.500259089385	0.0	223	189	167	230	31
264	280	1.44888048554	1.92422178208	0.967903690255	2.40851221546	0.0	56	69	54	79	31
265	281	0.0	0.905759130415	0.0	0.908300360996	0.0	223	158	167	194	31
266	282	0.0	0.0	0.54881529421	0.556176294576	0.0	223	265	84	224	31
267	283	0.352887334207	0.355254806727	0.704022978187	1.06372086585	0.0	218	263	82	157	31
268	284	0.333339389217	1.33356969061	0.667049834387	2.00057839502	0.33399056046	221	111	83	93	30
269	285	0.499966927006	0.499719705856	1.49775543717	1.99834334995	0.0	156	219	29	101	31
270	286	0.0	0.0	0.0	0.0	0.0	223	265	167	293	31
271	287	0.0	0.452782845813	0.459074550614	0.908176800979	0.0	223	250	146	198	31
272	288	1.0	0.0	0.5	0.5	0.0	85	265	99	239	31
273	289	0.5	0.999957128441	0.0	0.99997007614	0.0	141	134	167	174	31
274	290	0.0	0.0	0.482488189187	0.480954420655	0.0	223	265	139	270	31
275	291	2.497496158	1.4997667526	0.99960204676	1.49982982812	0.0	14	92	51	129	31
276	292	0.483075216046	0.961969879702	0.967936304497	1.92666320818	0.0	185	153	53	107	31
277	293	0.0	0.0	0.0	0.0	0.0	223	265	167	293	31
278	294	0.474354740917	1.39976373897	0.0	1.42408062422	0.0	199	106	167	141	31
279	295	0.500065228518	0.999978505931	0.0	1.00025472828	0.0	136	132	167	160	31
280	296	1.91120475649	1.91353199277	0.0	1.9104855151	0.0	24	72	167	110	31
281	297	0.0	0.0	0.0	0.0	0.0	223	265	167	293	31
282	298	0.482531079834	0.0	0.48336797683	0.481101557542	0.0	192	265	137	269	31
283	299	0.0	0.0	0.0	0.0	0.0	223	265	167	293	31
284	300	0.500053063591	0.0	0.0	0.0	0.0	138	265	167	293	31
285	301	0.0	0.0	0.0	0.0	0.0	223	265	167	293	31
286	302	0.0	0.0	0.0	0.0	0.0	223	265	167	293	31
287	303	0.0	0.0	0.0	0.0	0.0	223	265	167	293	31
288	304	0.0	0.480632595347	0.0	0.481203399927	0.0	223	231	167	266	31
289	305	1.0	2.0	1.5	3.5	0.0	85	61	22	44	31
290	306	1.82834941809	0.0	0.918149101228	0.908176800979	0.0	28	265	65	198	31
291	307	0.457070271759	0.905829402625	0.459074550614	1.36254287322	0.0	210	157	146	147	31
292	308	0.483152861105	0.962127077255	0.484061634403	1.44525997135	0.0	184	148	130	137	31
293	309	0.0	0.0	0.0	0.0	0.0	223	265	167	293	31
294	310	0.0	0.0	0.0	0.0	0.0	223	265	167	293	31
295	311	0.0	0.0	0.0	0.0	0.0	223	265	167	293	31
296	312	0.0	0.0	0.0	0.0	0.0	223	265	167	293	31
297	313	0.0	0.999330425918	0.0	0.999514429638	0.0	223	140	167	180	31
298	314	0.0	0.452782845813	0.0	0.454088400489	0.0	223	250	167	281	31
299	315	0.0	0.971040916653	0.487258402286	1.94300385519	0.481122562299	223	143	125	104	22
300	316	0.482530991595	2.40337361402	1.45024746506	2.40615085405	0.0	193	49	34	81	31
301	317	0.5	0.499916316475	0.0	0.49993932033	0.0	141	216	167	253	31
302	318	0.0	0.0	0.0	0.0	0.0	223	265	167	293	31
303	319	0.0	0.0	0.0	0.0	0.0	223	265	167	293	31
304	320	1.0	2.5	2.0	5.0	0.0	85	40	10	24	31
305	321	0.0	0.0	0.0	0.0	0.0	223	265	167	293	31
306	322	0.0	0.0	0.0	0.0	0.0	223	265	167	293	31
307	323	0.499793544158	0.0	0.0	0.0	0.0	167	265	167	293	31
308	324	0.499953666302	0.0	0.0	0.0	0.0	159	265	167	293	31
309	325	1.49957066016	2.49939895088	1.49979510252	3.99914412671	0.0	46	42	25	37	31
310	326	0.0	0.0	0.0	0.0	0.0	223	265	167	293	31
311	327	0.648045314129	0.681550089981	0.0	0.617355853857	0.0	125	183	167	223	31
312	328	0.914194646708	3.17040414307	1.37772753521	4.08802072502	0.0	110	29	37	36	31
313	329	0.0	0.5	0.0	0.5	0.0	223	199	167	239	31
314	330	0.0	0.0	0.0	0.0	0.0	223	265	167	293	31
315	331	0.0	0.0	0.0	0.0	0.0	223	265	167	293	31
316	332	0.0	0.0	0.0	0.0	0.0	223	265	167	293	31
317	333	0.0	0.0	0.0	0.0	0.0	223	265	167	293	31
318	334	0.0	0.0	0.0	0.0	0.0	223	265	167	293	31
319	335	0.0	0.0	0.0	0.0	0.0	223	265	167	293	31
320	336	0.0	0.0	0.0	0.0	0.0	223	265	167	293	31
321	337	0.0	0.0	0.0	0.0	0.0	223	265	167	293	31
322	338	0.0	0.0	0.0	0.0	0.0	223	265	167	293	31
323	339	1.49856191086	2.4993729215	1.99832911204	4.99454175574	0.0	49	43	15	25	31
324	340	0.0	0.0	0.500082410593	0.500022875045	0.0	223	265	93	236	31
325	341	0.484744687296	0.0	0.485522387495	0.483535169863	0.0	176	265	126	259	31
326	342	0.483277604078	1.44403952913	0.0	1.44647384935	0.0	182	98	167	134	31
327	343	0.0	1.43529472928	0.0	1.44808101345	0.0	223	104	167	133	31
328	344	0.499994046026	0.5	0.5	1.0	0.0	153	199	99	167	31
329	345	0.499988400989	0.0	0.0	0.499976085735	0.0	154	265	167	250	31
330	346	0.0	0.0	0.0	0.0	0.0	223	265	167	293	31
331	347	0.0	0.710719720045	0.352011917048	1.06394893796	0.0	223	181	161	156	31
332	348	0.0	0.0	0.0	0.0	0.0	223	265	167	293	31
333	349	0.0	0.0	0.0	0.0	0.0	223	265	167	293	31
334	350	0.0	0.0	0.0	0.0	0.0	223	265	167	293	31
335	351	0.0	0.0	0.0	0.0	0.0	223	265	167	293	31
336	352	0.0	0.0	0.0	0.0	0.0	223	265	167	293	31
337	353	0.0	0.0	0.0	0.0	0.0	223	265	167	293	31
338	354	0.0	0.0	0.0	0.0	0.0	223	265	167	293	31
339	355	0.0	0.0	0.0	0.0	0.0	223	265	167	293	31
340	356	0.0	0.0	0.0	0.0	0.0	223	265	167	293	31
341	357	0.0	0.0	0.0	0.0	0.0	223	265	167	293	31
342	358	0.0	0.0	0.0	0.0	0.0	223	265	167	293	31
343	359	0.0	0.0	0.0	0.0	0.0	223	265	167	293	31
344	360	0.484598551848	0.0	0.0	0.0	0.0	179	265	167	293	31
345	361	0.0	0.0	0.0	0.0	0.0	223	265	167	293	31
346	362	0.0	0.334072312496	0.0	0.333866877803	0.0	223	264	167	291	31
347	363	1.44596325389	6.66942769424	1.48943571809	7.22719191626	0.0	59	10	31	11	31
348	364	0.0	0.0	0.0	0.0	0.0	223	265	167	293	31
349	365	0.0	0.0	0.0	0.0	0.0	223	265	167	293	31
350	366	0.0	0.0	0.0	0.0	0.0	223	265	167	293	31
351	367	0.0	0.0	0.0	0.0	0.0	223	265	167	293	31
352	368	0.0	0.0	0.0	0.0	0.0	223	265	167	293	31
353	369	0.0	0.0	0.0	0.0	0.0	223	265	167	293	31
354	370	0.0	0.0	0.487355116251	0.48562780202	0.0	223	265	124	257	31
355	371	0.0	0.0	0.0	0.0	0.0	223	265	167	293	31
356	372	0.738766612108	1.43582525464	0.748933596995	2.17277220973	0.0	121	103	76	87	31
357	373	0.0	0.0	0.0	0.0	0.0	223	265	167	293	31
358	374	0.99996917551	1.49983942687	0.5	1.99991038251	0.0	90	90	99	99	31
359	375	0.484587872934	0.0	0.0	0.0	0.0	180	265	167	293	31
360	376	0.0	0.0	0.0	0.0	0.0	223	265	167	293	31
361	377	1.40954479145	2.36738607582	1.49792395593	3.84731232429	0.0	61	51	28	38	31
362	378	0.0	0.0	0.0	0.0	0.0	223	265	167	293	31
363	379	0.0	0.0	0.0	0.0	0.0	223	265	167	293	31
364	380	0.0	0.0	0.0	0.5	0.0	223	265	167	239	31
365	381	0.0	0.0	0.0	0.0	0.0	223	265	167	293	31
366	382	0.0	0.0	0.0	0.0	0.0	223	265	167	293	31
367	383	0.0	1.00022402767	0.500365609706	1.50057027035	0.0	223	122	88	121	31
368	384	0.482965558412	0.480994475198	0.0	0.481668866507	0.0	187	228	167	264	31
369	385	0.0	0.0	0.0	0.0	0.0	223	265	167	293	31
370	386	0.0	0.0	0.0	0.0	0.0	223	265	167	293	31
371	387	0.0	0.0	0.0	0.0	0.0	223	265	167	293	31
372	388	0.0	1.00021413297	0.999951677884	2.00032613758	0.0	223	123	49	94	31
373	389	0.0	0.5	0.0	0.5	0.0	223	199	167	239	31
374	390	1.92990281022	1.43969358888	0.966783846527	1.92269623475	0.0	23	102	57	109	31
375	391	0.457058633462	0.905565691626	0.0	0.908176800979	0.0	211	166	167	198	31
376	392	0.0	0.717505748556	0.0	0.723941374436	0.0	223	178	167	219	31
377	393	0.0	0.0	0.0	0.0	0.0	223	265	167	293	31
378	394	0.0	0.452782845813	0.0	0.454088400489	0.0	223	250	167	281	31
379	395	0.0	1.00137711517	1.00112732923	2.00277991919	0.0	223	120	45	92	31
380	396	0.492421719114	0.0	0.0	0.0	0.0	173	265	167	293	31
381	397	0.0	0.0	0.0	0.831233511184	0.0	223	265	167	208	31
382	398	0.0	0.0	0.0	0.0	0.0	223	265	167	293	31
383	399	1.22745550868	1.85938086415	0.760848106913	2.66389114933	0.0	74	73	75	68	31
384	400	0.0	0.0	0.0	0.0	0.0	223	265	167	293	31
385	401	0.965106576349	1.44174586656	0.0	1.44334494139	0.0	102	101	167	140	31
386	402	1.50063720696	0.500077951493	0.500096244158	1.00017909927	0.0	39	193	91	163	31
387	403	0.48296378957	0.962003946058	0.0	0.963345254146	0.0	188	152	167	189	31
388	404	0.5	0.0	0.0	0.0	0.0	141	265	167	293	31
389	405	0.0	0.0	0.0	0.0	0.0	223	265	167	293	31
390	406	0.0	0.96607263677	0.0	0.967074104645	0.0	223	144	167	184	31
391	407	0.0	0.962061471048	0.0	0.963385211258	0.0	223	150	167	187	31
392	408	0.45708442259	0.0	0.0	0.0	0.0	206	265	167	293	31
393	409	0.0	0.0	0.0	0.0	0.0	223	265	167	293	31
394	410	0.0	0.0	0.0	0.0	0.0	223	265	167	293	31
395	411	0.0	0.0	0.0	0.0	0.0	223	265	167	293	31
396	412	0.0	0.473046149086	0.0	0.473857086878	0.0	223	236	167	271	31
397	413	0.0	0.0	0.0	0.0	0.0	223	265	167	293	31
398	414	0.0	0.0	0.0	0.0	0.0	223	265	167	293	31
399	415	0.0	0.0	0.0	0.0	0.0	223	265	167	293	31
400	416	0.551911464424	2.79104201184	0.0	2.22494778912	0.0	126	36	167	85	31
401	417	0.0	0.0	0.0	0.0	0.0	223	265	167	293	31
402	418	0.499931557187	0.999958527888	0.0	0.999971064531	0.0	160	133	167	173	31
403	419	0.0	0.0	0.0	0.0	0.0	223	265	167	293	31
404	420	0.0	0.0	0.0	0.0	0.0	223	265	167	293	31
405	421	0.499723254562	0.998553036572	0.0	0.998984796019	0.0	169	142	167	181	31
406	422	0.482742037773	0.480064052177	1.44717127666	3.36484525169	0.476692514052	191	235	35	48	23
407	423	0.0	0.0	0.0	0.0	0.0	223	265	167	293	31
408	424	1.37121458164	0.0	0.918149101228	0.908176800979	0.0	68	265	65	198	31
409	425	2.00127158869	1.49962759106	0.499940050546	2.99923727345	0.0	19	93	112	52	31
410	426	0.0	0.0	0.0	0.0	0.0	223	265	167	293	31
411	427	0.483010925558	0.481029888866	0.483954772518	0.963400368069	0.0	186	226	132	185	31
412	428	0.0	0.0	0.0	0.0	0.0	223	265	167	293	31
413	429	0.0	0.999859276469	0.0	1.49985271808	0.0	223	137	167	128	31
414	430	0.484718467143	0.0	0.0	0.0	0.0	178	265	167	293	31
415	431	0.0	0.0	0.0	0.0	0.0	223	265	167	293	31
416	432	0.499969089889	0.999741934389	0.5	0.999819853758	0.0	155	139	99	178	31
417	433	0.0	0.0	0.0	0.0	0.0	223	265	167	293	31
418	434	0.706466589892	0.710880452159	0.352193434487	1.41913201856	0.0	124	180	160	142	31
419	435	0.0	0.0	0.0	0.0	0.0	223	265	167	293	31
420	436	0.0	0.500100506992	0.0	0.500073523588	0.0	223	191	167	231	31
421	437	0.0	0.0	0.0	0.0	0.0	223	265	167	293	31
422	438	0.0	0.0	0.0	0.0	0.0	223	265	167	293	31
423	439	0.0	0.0	0.0	0.0	0.0	223	265	167	293	31
424	440	0.0	0.0	0.0	0.0	0.0	223	265	167	293	31
425	441	0.0	0.0	0.0	0.0	0.0	223	265	167	293	31
426	442	0.484723627981	0.0	0.0	0.0	0.0	177	265	167	293	31
427	443	0.500174176828	1.00186803501	0.500346605055	1.50197351823	0.0	135	118	89	120	31
428	444	1.00009907365	1.50041317432	0.0	1.50030525715	0.0	83	85	167	123	31
429	445	0.0	0.0	0.0	0.0	0.0	223	265	167	293	31
430	446	1.5	1.0	0.0	2.0	0.0	41	126	167	97	31
431	447	1.67782409062	2.47269458014	0.0	2.48837826209	0.0	33	47	167	75	31
432	448	0.0	0.0	0.0	0.0	0.0	223	265	167	293	31
433	449	0.0	0.0	0.0	0.0	0.0	223	265	167	293	31
434	450	0.0	0.0	0.0	0.0	0.0	223	265	167	293	31
435	451	0.457299072683	0.452989159875	0.0	0.454238844805	0.0	200	239	167	272	31
436	452	0.0	0.0	0.0	0.0	0.0	223	265	167	293	31
437	453	0.0	0.0	0.0	0.0	0.0	223	265	167	293	31
438	454	0.0	3.6222627665	0.918215649736	4.54095283668	0.0	223	24	63	29	31
439	455	0.0	0.0	0.846916879233	0.8313183449	0.0	223	265	72	207	31
440	456	0.5	0.0	0.0	0.0	0.0	141	265	167	293	31
441	457	0.0	0.452794735824	0.0	0.454096770646	0.0	223	246	167	278	31
442	458	0.0	0.0	0.0	0.5560759855	0.572814879807	223	265	167	227	14
443	459	0.0	0.0	0.0	0.0	0.0	223	265	167	293	31
444	460	0.0	0.0	0.0	0.0	0.0	223	265	167	293	31
445	461	2.28533341656	0.905631206314	0.459074550614	1.36233446761	0.0	17	161	146	151	31
446	462	0.0	0.0	0.0	0.0	0.0	223	265	167	293	31
447	463	0.0	0.825296948806	0.0	0.830258772805	0.0	223	170	167	210	31
448	464	0.0	0.0	0.0	0.0	0.0	223	265	167	293	31
449	465	0.0	0.0	0.0	0.0	0.0	223	265	167	293	31
450	466	0.968739196301	0.963623111411	0.48395052835	0.482236250945	0.0	97	145	134	262	31
451	467	0.499794382269	0.0	0.0	0.0	0.0	166	265	167	293	31
452	468	1.47754245236	1.96543217895	0.492918299128	2.45846898528	0.0	52	67	117	77	31
453	469	0.0	0.0	0.492638214096	0.491610936963	0.0	223	265	119	255	31
454	470	1.47776375986	0.0	0.748028979247	0.724060696899	0.0	51	265	77	217	31
455	471	0.0	0.0	0.846726415607	1.6613797353	0.0	223	265	74	115	31
456	472	0.487095247336	0.485332631852	0.0	0.485709714296	0.0	175	222	167	256	31
457	473	0.0	0.0	0.0	0.0	0.0	223	265	167	293	31
458	474	0.0	0.0	0.0	0.0	0.0	223	265	167	293	31
459	475	0.0	0.0	0.0	0.0	0.0	223	265	167	293	31
460	476	0.0	0.0	0.0	0.0	0.0	223	265	167	293	31
461	477	0.0	0.0	0.0	0.0	0.0	223	265	167	293	31
462	478	0.333339381896	1.00158672713	0.333443464352	1.33498875478	0.0	222	119	165	155	31
463	479	0.0	0.0	0.0	0.0	0.0	223	265	167	293	31
464	480	0.0	0.0	0.0	0.0	0.0	223	265	167	293	31
465	481	0.0	0.0	0.0	0.0	0.0	223	265	167	293	31
466	482	0.0	0.0	0.0	0.0	0.0	223	265	167	293	31
467	483	0.0	0.452800409245	0.0	0.454100729889	0.0	223	244	167	276	31
468	484	0.483199732077	0.962487257765	0.484031184175	1.44557689048	0.0	183	147	131	136	31
469	485	0.0	0.0	0.0	0.0	0.0	223	265	167	293	31
470	486	0.0	0.0	0.0	0.0	0.0	223	265	167	293	31
471	487	0.0	0.0	0.0	0.0	0.0	223	265	167	293	31
472	488	0.482951068615	0.962064054394	0.0	0.963388860199	0.0	189	149	167	186	31
473	489	0.0	0.0	0.0	0.0	0.0	223	265	167	293	31
474	490	0.0	0.0	0.918149101228	0.908176800979	0.0	223	265	65	198	31
475	491	0.0	0.452793632346	0.0	0.908191945906	0.0	223	248	167	197	31
476	492	2.49984562223	1.9999668871	1.5	4.49994800995	0.0	13	62	22	30	31
477	493	0.0	0.0	0.0	0.0	0.0	223	265	167	293	31
478	494	1.05866266711	0.710191742982	0.0	0.708853267563	0.0	76	182	167	222	31
479	495	1.0299549793	2.58809996074	0.51495644419	1.55149982812	0.0	79	39	86	118	31
480	496	0.551828077882	0.558102295936	0.0	0.556157043579	0.0	127	184	167	225	31
481	497	0.0	0.0	0.0	0.0	0.0	223	265	167	293	31
482	498	0.499849474951	0.0	0.499991776564	0.500064056222	0.0	163	265	108	232	31
483	499	0.0	0.452782845813	0.0	0.454088400489	0.0	223	250	167	281	31
484	500	1.031209931	0.51802917515	0.0	0.517454596108	0.0	78	186	167	228	31
485	501	0.0	0.0	0.0	0.0	0.0	223	265	167	293	31
486	502	0.0	0.0	0.0	0.0	0.0	223	265	167	293	31
487	503	2.74256903655	0.905583248963	0.459074550614	0.908176800979	0.0	12	164	146	198	31
488	504	0.0	0.0	0.0	0.0	0.0	223	265	167	293	31
489	505	3.20164247973	7.2485904191	0.918820792186	8.17946558175	0.889031841338	7	7	59	7	11
490	506	0.5	1.50012603301	0.0	1.50009139743	0.0	141	88	167	125	31
491	507	0.0	0.499967859678	0.0	0.499977570093	0.0	223	214	167	249	31
492	508	0.0	0.0	0.0	0.0	0.0	223	265	167	293	31
493	509	1.3713445464	0.452782845813	0.459074550614	0.908176800979	0.0	66	250	146	198	31
494	510	0.0	0.0	0.0	0.0	0.0	223	265	167	293	31
495	511	0.0	0.0	0.500044251263	0.500014955912	0.0	223	265	94	237	31
496	512	0.85526470527	0.842982607257	0.861748832852	0.847577700454	0.0	114	168	71	206	31
497	513	0.0	0.905565691626	0.459074550614	0.454088400489	0.0	223	166	146	281	31
498	514	0.457090873249	0.453148771697	0.459121433362	0.908692493225	0.0	205	237	142	193	31
499	515	0.0	0.0	0.0	0.0	0.0	223	265	167	293	31
500	516	0.0	0.0	0.0	0.0	0.0	223	265	167	293	31
501	517	0.0	2.21649536461	1.53924743537	3.72554209362	0.0	223	57	20	40	31
502	518	0.482519935133	0.0	0.0	0.0	0.0	195	265	167	293	31
503	519	0.491630592345	0.490847278405	0.492751230266	0.982621851556	0.0	174	221	118	182	31
504	520	1.53685692538	0.515454747295	0.0	1.02967634461	0.0	38	187	167	158	31
505	521	2.99928408762	3.49735782791	1.99938511077	3.49787322711	0.0	10	27	12	46	31
506	522	0.0	0.0	0.48551480803	0.483525193223	0.0	223	265	127	260	31
507	523	0.0	1.64024806034	0.0	1.65313983536	0.0	223	81	167	116	31
508	524	0.49246717339	0.491434927363	0.492546246228	1.96686750151	0.0	172	220	120	102	31
509	525	1.65520214395	0.0	0.0	0.0	0.0	34	265	167	293	31
510	526	1.00483507828	1.00464833555	0.500037015705	1.5047827563	0.0	80	117	96	119	31
511	527	0.499953713567	0.0	0.0	0.0	0.0	158	265	167	293	31
512	528	0.0	0.0	0.0	0.0	0.0	223	265	167	293	31
513	529	0.457058633462	0.0	0.0	0.0	0.0	211	265	167	293	31
514	530	0.0	1.55972915792	0.0	1.570973156	0.0	223	83	167	117	31
515	531	1.44744379048	1.9222054074	0.483399908871	1.92459461149	0.0	57	71	136	108	31
516	532	0.840316910925	2.47869008531	0.0	2.49278141539	0.0	116	46	167	74	31
517	533	0.0	0.78005968376	0.0	0.78563036885	0.0	223	174	167	214	31
518	534	0.0	0.480498238072	0.0	0.481106272967	0.0	223	234	167	268	31
519	535	0.0	0.0	0.0	0.0	0.0	223	265	167	293	31
520	536	0.0	0.0	0.0	0.0	0.0	223	265	167	293	31
521	537	0.5	0.0	0.0	0.0	0.0	141	265	167	293	31
522	538	0.352853561727	2.48874486956	1.05613266918	3.54852409416	0.364881993551	219	44	41	43	29
523	539	0.551828066698	0.0	0.0	0.0	0.0	128	265	167	293	31
524	540	0.0	0.961160257551	0.0	0.962333372598	0.0	223	154	167	190	31
525	541	0.0	1.81213818899	0.45914917026	2.2714366087	0.0	223	75	140	84	31
526	542	0.0	0.0	0.0	0.0	0.0	223	265	167	293	31
527	543	0.0	0.499989299158	0.0	0.0	0.0	223	209	167	293	31
528	544	0.0	0.0	0.0	0.0	0.0	223	265	167	293	31
529	545	1.49980323371	2.99694505716	1.49959023232	4.49654209923	0.995251416774	44	31	26	32	8
530	546	3.5	3.0	3.0	5.5	0.5	4	30	5	16	16
531	547	0.0	0.819167750918	0.0	0.823721174596	0.0	223	172	167	212	31
532	548	0.833789191665	0.818992336523	0.0	0.823595831729	0.0	118	173	167	213	31
533	549	0.0	0.0	0.0	0.0	0.0	223	265	167	293	31
534	550	0.457071508864	0.0	0.0	0.0	0.0	209	265	167	293	31
535	551	0.965117646654	0.480531711258	0.483212491502	0.962178951879	0.0	101	233	138	191	31
536	552	0.333345462869	1.33582877641	0.333436052774	2.00310902048	0.0	220	110	166	91	31
537	553	0.0	0.0	0.0	0.0	0.0	223	265	167	293	31
538	554	0.0	1.0	0.0	1.0	0.0	223	126	167	167	31
539	555	0.0	0.0	0.0	0.0	0.0	223	265	167	293	31
540	556	0.0	0.71786892699	0.0	0.724211966632	0.0	223	175	167	215	31
541	557	0.0	1.94161228265	0.0	1.95057195939	0.0	223	68	167	103	31
542	558	0.0	0.0	0.0	0.0	0.0	223	265	167	293	31
543	559	0.0	0.0	0.0	0.0	0.0	223	265	167	293	31
544	560	0.0	0.0	0.0	0.0	0.0	223	265	167	293	31
545	561	1.46117150295	0.485325581974	0.4874855346	0.971300391884	0.0	54	223	123	183	31
546	562	0.0	0.0	0.0	0.0	0.0	223	265	167	293	31
547	563	0.0	0.452782845813	0.459074550614	0.908176800979	0.0	223	250	146	198	31
548	564	0.0	0.0	0.0	0.0	0.0	223	265	167	293	31
549	565	0.0	0.0	0.0	0.0	0.0	223	265	167	293	31
550	566	0.0	0.480610540534	0.0	0.481187970812	0.0	223	232	167	267	31
