site	in_koel	neher2016_category	neher2016_note	in_neher2016	harvey2023_category	harvey2023_note	in_harvey2023	plos2015_geometric_predicted_dn_ds_gt1	plos2015_note	plos2015_gene_site	plos2015_wiley81_class	plos2015_wiley87_class	plos2015_bush99_class	plos2015_shih07_class	plos2015_pan11_class	plos2015_meyer14_group	plos2015_koel13_group	plos2015_b_human_linear	plos2015_b_human_nonlinear	plos2015_fel_dnds	plos2015_fel_dnds_internal	plos2015_slac_dn_all	plos2015_rate4site	plos2015_distance_to_sa	plos2015_notes	plos2015_pan11_site	plos2015_meyer14_site	plos2015_koel13_site	virus_evolution2016_koel_table_site	virus_evolution2016_dn_ds	virus_evolution2016_dn_ds_percentile	virus_evolution2016_inv_distance_r	virus_evolution2016_inv_distance_percentile	virus_evolution2016_gene_site	virus_evolution2016_unpassaged_tips_dnds	virus_evolution2016_nonsiat_tips_dnds	virus_evolution2016_siat_tips_dnds	virus_evolution2016_cell_tips_dnds	virus_evolution2016_egg_tips_dnds	virus_evolution2016_unpassaged_tips_dnds_rank	virus_evolution2016_nonsiat_tips_dnds_rank	virus_evolution2016_siat_tips_dnds_rank	virus_evolution2016_cell_tips_dnds_rank	virus_evolution2016_egg_tips_dnds_rank	lightgbm_review_koel_table_site	lightgbm_review_passage_shap_rank	lightgbm_review_date_shap_rank	lightgbm_review_dn_ds_rank	lightgbm_review_leisr_rank	lightgbm_review_entropy_rank	lightgbm_review_gene_site	lightgbm_review_mean_shap_passage	lightgbm_review_mean_shap_date	lightgbm_review_dnds	lightgbm_review_mean_leisr	lightgbm_review_mean_entropy	lightgbm_review_pval_positive_selection	lightgbm_review_mean_shap_passage_rank	lightgbm_review_mean_shap_date_rank	lightgbm_review_dnds_rank	lightgbm_review_mean_leisr_rank	lightgbm_review_mean_entropy_rank	lightgbm_review_passage_top_feature_count	lightgbm_review_passage_top_feature_terms	lightgbm_review_date_top_site_rank	h3n2_site_state_rank	h3n2_site_state_mean_abs_shap	h3n2_substitution_rank	h3n2_substitution_mean_abs_shap	h3n2_patristic_site_state_rank	h3n2_patristic_site_state_mean_abs_shap	h3n2_patristic_substitution_rank	h3n2_patristic_substitution_mean_abs_shap	wic_full_site_state_rank	wic_full_site_state_mean_abs_shap	wic_full_substitution_rank	wic_full_substitution_mean_abs_shap	wic_patristic_site_state_rank	wic_patristic_site_state_mean_abs_shap	wic_patristic_substitution_rank	wic_patristic_substitution_mean_abs_shap	wic_filtered_site_state_rank	wic_filtered_site_state_mean_abs_shap	wic_filtered_substitution_rank	wic_filtered_substitution_mean_abs_shap	wic_filtered_patristic_site_state_rank	wic_filtered_patristic_site_state_mean_abs_shap	wic_filtered_patristic_substitution_rank	wic_filtered_patristic_substitution_mean_abs_shap	h3n2_site_state_rank_bin	wic_filtered_site_state_rank_bin	lightgbm_review_mean_shap_passage_rank_bin	lightgbm_review_mean_shap_date_rank_bin	lightgbm_review_mean_entropy_rank_bin	lightgbm_review_dnds_rank_bin	virus_evolution2016_unpassaged_tips_dnds_rank_bin
53	False			False	top25_site_C	Top-25 posterior inclusion position; antigenic site C in Fig 2 discussion.	True	False		69	C	C	C	C		EG1		0.0	2.0	1.789885057	10.66956633	13.4720214	3.268	42.10886786		False	True	False	False					69	4.1137603052	6.79608449459	4.13183853904	8.63165987835	0.0	2	9	2	6	31	False						69	0.0003954400458324	1.9611934188425687e-06	2.4784649455654444	10.94429123019586	0.3610467700414609	0.99991038306648	57	60	6	1	41	0			60	0.0086820169956726	20	0.0358958869313032	78	0.0049899624725761	27	0.0204444199987983	13.0	0.0505222020125095	16.0	0.0383067760925532	18.0	0.0360298113022939	19.0	0.0274248436518553	8.0	0.0640127259271275	9.0	0.0463262275811046	7.0	0.0579335512259894	6.0	0.0386147294944666	2	0	2	2	2	0	0
62	False	cluster_transition	WU95 to SY97 set K62E/V144I/K156Q/E158K/V196A/N276K	True			False	False		78		E	E	E	P			0.0	0.0	0.818014801	0.725665146	5.682150479	1.272	28.66194578		True	False	False	False					78	0.476472531437	1.42022982543	2.38834962571	3.79493415816	0.0	198	105	8	39	31	False						78	0.0004350430489648	6.120285899106532e-06	1.0690917928616883	4.488474204171243	0.986057207874904	0.1150974231683712	54	34	31	21	6	0			14	0.0566474268433061	11	0.0563151470306739	17	0.0435284033189144	18	0.0266414657964035	8.0	0.0921428633926406	3.0	0.0904586710541454	7.0	0.0705666305625611	10.0	0.0369257929782498	7.0	0.0777755392314057	14.0	0.0354597795702782	11.0	0.0392986628862832	21.0	0.0151421330407137	1	0	2	2	0	2	3
121	False	named_substitution	FU02 cluster change attributed partly to N121T	True	top25_site_D	Top-25 posterior inclusion position; antigenic site D in Fig 2 discussion.	True	False		137			D	D	P	EG2		0.0	1.0	1.083570732	4.739588964	8.173032342	1.185	26.84455672		True	True	False	False					137	1.37170693666	0.905608808373	1.37762010161	2.72470156357	0.0	65	162	38	64	31	False						137	0.000778170818144	6.362069824729392e-05	1.0819264295708046	5.222467421778364	1.1338294982867143	0.2347273089379782	38	11	30	8	4	0		4.0	5	0.1253333349225169	28	0.0247712720453667	2	0.1227464516503371	16	0.0298461605926194	42.0	0.0181187676788406	30.0	0.0217216367144665	34.0	0.0201754216496645	31.0	0.0160295781703309	27.0	0.0153017043585654	22.0	0.02357764787167	38.0	0.0101186758863974	32.0	0.0079939946120855	0	1	2	1	0	1	2
126	False			False	top25_site_A	Top-25 posterior inclusion position; antigenic site A in Fig 2 discussion.	True	False		142	N	B	A	A	P	EG2		0.0	1.0	0.164004015	0.287042325	0.897788872	-0.4297	22.31045783	Probably wrong in 1987	True	True	False	False					142	0.0	0.905594961719	0.459074550614	1.36229607239	0.0	223	163	146	153	31	False						142	0.0003032396541215	1.049991207727116e-06	0.6468027183980486	1.821791523624795	0.0595761672360827	0.089980862281627	64	72	71	97	99	0			120	0.0021660721978816	25	0.026757672725224	135	0.001073102999404	44	0.0131366575217607	121.0	0.0008685198390499	81.0	0.0031941951893915	94.0	0.0021718621505343	89.0	0.0020767520111401	73.0	0.0019545096391991	55.0	0.0021721353714281	68.0	0.0029679854249634	53.0	0.0026996676850386	3	2	2	2	2	2	3
131	False			False	high_confidence_site_A	Posterior inclusion probability at least 0.95; antigenic site A.	True	False		147			A	A	P	EG2		0.0	1.0	0.391337755	0.22248568	2.74964718	-0.08282	12.96991025		True	True	False	False					147	1.24978625972	0.5	0.0	0.499970102838	0.0	73	199	167	251	31	False						147	0.0010918002353059	5.15917137721552e-05	0.2283301131443157	1.792674177083758	0.9506937299198944	4.372022845963737e-07	26	13	194	100	10	0		13.0	45	0.0149025673697401	23	0.030748678394577	57	0.0084016484890244	58	0.0083714970179152	17.0	0.0393098716542411	21.0	0.0319895928170912	20.0	0.0357959850206009	25.0	0.0194406105518588	26.0	0.0163535022094472	27.0	0.0136784386652513	26.0	0.0175035584458602	24.0	0.0113231144484704	2	1	1	1	0	3	2
135	False	named_substitution	Repeated effects include K135E; SI87 to BE89 includes G135N	True	high_confidence_site_A	Posterior inclusion probability at least 0.95; antigenic site A.	True	False		151		M	A	A		EG2		0.0	2.0	0.345414058	1.991477093	3.996679916	-0.2223	6.678111742		False	True	False	False					151	0.999883903134	1.99990228774	1.99901212469	2.99935851349	0.0	93	63	14	51	31	False						151	0.0005396914126015	1.7390082025352586e-05	1.0871411169297742	3.199366059087105	0.7675011284050947	0.2449419973000928	51	23	28	43	14	0		17.0	3	0.1431921896597875	8	0.0697930953367337	5	0.0923670968581829	5	0.0477634270462441	38.0	0.0193517198977383	36.0	0.0159183357938995	45.0	0.0132727533765241	43.0	0.0108340767295249	25.0	0.0165244925013633	24.0	0.0187399964457245	32.0	0.0109674447145145	22.0	0.0146183690417354	0	1	2	1	1	1	2
137	False			False	top25_site_A	Top-25 posterior inclusion position; antigenic site A in Fig 2 discussion.	True	True	Predicted dN/dS > 1 under the RSA + inverse-distance geometric model.	153	A	A	A	A	P	EG2		0.0	2.0	0.339381836	0.428732986	2.998958332	-0.2383	7.954011833		True	True	False	False					153	0.5	0.0	0.0	0.0	0.0	141	265	167	293	31	False						153	0.000219081102556	3.383281513683548e-06	0.769040165038931	1.075627394742638	0.2340935921700834	0.2184781080879798	73	50	62	175	53	0			30	0.0240539383594164	40	0.0180589760178039	22	0.0279166009324182	32	0.0182524628184625	46.0	0.0154230760607	65.0	0.0059263292491953	49.0	0.0121172216485597	65.0	0.0052226767037794	124.0	0.0002932795407638	76.0	0.0011521466746568	123.0	0.0004445958725397	102.0	0.0003023409964454	1	3	2	2	2	2	3
140	False	named_substitution	Repeated effects include K140E	True			False	False		156			A		P	EG2		1.0	2.0	1.014286545	309286000000000.0	7.872802659	1.378	12.24175491		True	True	False	False					156	0.724665381452	3.59569323532	1.05537011765	4.2916538724	1.12998148021	123	25	43	34	7	False						156	0.0010427313264678	7.963214505508896e-06	3.687948850291858	6.868027423778944	0.4359806977046824	0.9922281424863718	30	32	2	4	37	0			108	0.0027453766566836	60	0.0101750743660469	75	0.0051757588272518	70	0.006362103766046	7.0	0.1039978746064194	7.0	0.0591688626890972	6.0	0.1010940818310446	3.0	0.056370865571611	4.0	0.1051961946536068	6.0	0.0673166914588532	4.0	0.1059835116851364	3.0	0.0576718064934837	3	0	1	2	2	0	3
144	False	cluster_transition	WU95 to SY97 set K62E/V144I/K156Q/E158K/V196A/N276K	True	top25_site_A	Top-25 posterior inclusion position; antigenic site A in Fig 2 discussion.	True	False		160	A	A	A	A	P	EG2		1.0	3.0	1.569756379	1.959706767	10.98792087	2.313	13.12202973		True	True	False	False					160	0.917692515136	0.908268498396	0.0	1.3647489705	0.443341942765	106	156	167	144	27	False						160	0.0063945631220728	9.204510876548076e-05	1.0358283653285951	4.246921717004697	1.5941922111920916	0.1207956974725257	5	7	34	23	1	1	144N	3.0	8	0.0904684040975132	17	0.0375188518341966	12	0.0587238830122491	12	0.0367378288110439	1.0	0.2910322139347214	4.0	0.0827424076435593	1.0	0.1682804279913892	4.0	0.0544178760745406	1.0	0.2018800529802494	4.0	0.0736701080185808	3.0	0.1102591355079495	4.0	0.0447523706600731	0	0	0	0	0	2	3
145	True	koel7_and_cluster_transition	Koel 7 site; SI87 to BE89 involves N145K	True	high_confidence_site_A	Posterior inclusion probability at least 0.95; antigenic site A.	True	False		161	A	A	A	A	P	EG2	P	1.0	3.0	1.904000776	2.548070888	13.19030573	3.261	9.564545313		True	True	True	True	0.672	0.823	0.082	0.883	161	0.457058633462	4.07557833105	0.0	3.63291673252	0.0	211	23	167	42	31	True	28.0	66.0	95.0	44.0	30.0	161	0.001055891608493	1.3707806484705014e-06	0.5211709469107371	3.165827893369516	0.5244142967476433	0.0034367925451914	28	66	95	44	30	0			4	0.1317897989732356	4	0.0886747465400366	4	0.0942944020868262	6	0.0470450299490624	3.0	0.1819921250274988	1.0	0.1501495864822337	3.0	0.1573047198446606	1.0	0.1169282051277834	5.0	0.1021861815217564	2.0	0.0835546427738113	5.0	0.1040004315588428	2.0	0.0600429856256811	0	0	1	2	1	2	3
155	True	koel7	Koel 7 site listed in paper	True			False	False		171	B	B	B	B	P	EG3	P	0.0	2.0	0.342353537	1.111139515	2.920217839	-0.3599	9.937021352		True	True	True	True	0.0	0.0	0.077	0.867	171	0.0	0.0	0.0	0.0	0.0	223	265	167	293	31	True	82.0	246.0	281.0	325.0	69.0	171	0.0001677299020462	0.0	0.1156234768386041	0.2431421127984135	0.1508352022329528	4.718674141005707e-06	82	145	281	324	69	0			39	0.0186135221278361	27	0.0254571247195297	38	0.0160558083118396	19	0.0265786982147289	65.0	0.0053673313794991	69.0	0.0048489421717024	74.0	0.0040345552218979	69.0	0.0043834077653415	282.0	0.0	275.0	0.0	282.0	0.0	275.0	0.0	2	3	2	3	2	3	3
156	True	koel7_and_cluster_transition	Koel 7 site; WU95 to SY97 set includes K156Q; FU02 change includes Q156H	True			False	False		172		B	B	B	P	EG3	P	0.0	4.0	0.887408758	0.230749117	5.178572344	1.054	12.45311828		True	True	True	True	0.672	0.832	0.1317	0.971	172	1.37121456512	0.452782845813	0.0	0.454238602874	1.3402492225	69	250	167	273	6	True	102.0	122.0	266.0	198.0	60.0	172	9.573996335814624e-05	7.326385102378139e-08	0.1319300950738579	0.8643226238491918	0.1821430694313137	2.4031721523364603e-20	102	122	266	198	60	0			7	0.0915546725659219	5	0.0855161573908475	14	0.054516374002956	13	0.0362924891680634	20.0	0.0379111624052549	26.0	0.0249876131132545	13.0	0.0477239264023292	17.0	0.0286254969654922	114.0	0.0004823751864539	110.0	0.000155023490586	105.0	0.0008301719583229	109.0	0.0001214202306296	0	3	3	3	2	3	2
157	False			False	high_confidence_site_B	Posterior inclusion probability at least 0.95; antigenic site B.	True	False		173		N	B	B	P	EG3		0.0	4.0	1.944170266	2.165991143	16.38692943	2.881	14.78498323		True	True	False	False					173	2.47240200389	8.15133823946	0.0	7.30686298501	0.757218111899	15	6	167	9	13	False						173	0.0012414467597056	4.672229376025751e-05	0.4856255613658047	1.242264535513378	0.1844714157097875	0.0015358772770621	23	14	107	157	59	0			20	0.038510464549419	10	0.0640634624550671	36	0.0164843153977068	24	0.0234624843146091	23.0	0.0344924354021891	19.0	0.0360026884335764	42.0	0.0156108654631364	52.0	0.0086309165422156	33.0	0.0116627772334531	26.0	0.0140087211941638	40.0	0.008937179385688	44.0	0.0051933272654135	1	2	1	1	2	3	1
158	True	koel7_and_named_substitution	Koel 7 site; repeated effects include K158R; WU95 to SY97 set includes E158K	True	top25_site_B	Top-25 posterior inclusion position; antigenic site B in Fig 2 discussion.	True	False		174		B	B	B	P	EG3	P	0.0	5.0	0.932688566	1.896049593	8.325920643	1.207	16.37115164		True	True	True	True	1.36	0.958	0.1797	0.996	174	1.39100805724	3.21169558739	0.0	5.49812241298	0.0	62	28	167	18	31	True	4.0	28.0	66.0	79.0	44.0	174	0.0066692080021841	1.0261755772647475e-05	0.7045363852915747	2.08096229108364	0.333478179517727	0.012075801751972	4	28	66	79	44	2	158N, 158K		10	0.0808989658374571	1	0.1905228003786992	6	0.0879823346143378	1	0.1473505675848095	4.0	0.1482271489690154	6.0	0.0640263097883259	5.0	0.1359874132626282	5.0	0.0529283905289337	13.0	0.0385424695531125	31.0	0.0125460140055383	8.0	0.049891616209627	23.0	0.0115371422998732	0	1	0	1	2	2	2
159	True	koel7_and_named_substitution	Koel 7 site; repeated effects include Y159F; later text discusses position 159	True	top25_site_B	Top-25 posterior inclusion position; antigenic site B in Fig 2 discussion.	True	False		175		B	B	B	P	EG3	P	0.0	4.0	0.671874002	10.23789439	5.085744845	1.204	16.77534571		True	True	True	True	0.49	0.75	0.1837	1.0	175	0.0	2.28659241191	0.0	2.33867557232	0.894251480451	223	52	167	83	10	True	3.0	8.0	117.0	204.0	3.0	175	0.0114505834533523	9.027312528985882e-05	0.4526497293353657	0.799112879287542	1.1935280493305092	0.0185588710927715	3	8	117	204	3	3	159Y, 159S, 159F	10.0	12	0.0642633436034947	12	0.045617738436919	15	0.0473530868025023	7	0.044145420268126	6.0	0.1215427823828097	5.0	0.0671328930909324	9.0	0.0633188028115059	13.0	0.0338794575430127	3.0	0.1650214578428588	3.0	0.0760737186744241	1.0	0.1388660841404884	10.0	0.0319794694153562	1	0	0	0	0	3	3
160	False			False	top25_site_B	Top-25 posterior inclusion position; antigenic site B in Fig 2 discussion.	True	False		176		B	B	B		EG3		0.0	4.0	0.218379492	0.11189875	1.921055467	-0.2015	17.26745944		False	True	False	False					176	1.94662894068	12.5417104801	5.44158773765	20.4287618664	0.0	21	3	1	2	31	False						176	0.0395941150750223	5.796492072261242e-06	2.18299483787832	3.75473785334179	0.9638853094238587	0.947165645482729	1	37	9	29	8	1	160K		68	0.0066092861771339	29	0.0228608382647421	58	0.0078393979316905	42	0.0138547154092262	15.0	0.0472545772849089	14.0	0.0434051574003722	15.0	0.0379044331849067	20.0	0.0261198897512812	16.0	0.0317564058206952	18.0	0.0278968385702762	16.0	0.0299056083642585	17.0	0.0193513555327039	2	1	0	2	0	0	1
173	False			False	top25_site_D	Top-25 posterior inclusion position; antigenic site D in Fig 2 discussion.	True	False		189		D	D	D	P	EG4		1.0	2.0	1.726543229	2.721277255	9.384502177	3.052	38.5518413		True	True	False	False					189	1.35996995745	1.3453978209	1.49751810251	2.76379703624	0.0	72	109	30	60	31	False						189	0.0007003424158061	1.6872527585668616e-06	0.4921675746851935	2.648878653249099	0.2989484142986278	0.0025151541364933	41	62	105	61	47	0			19	0.0388775189255906	32	0.0225546932754042	23	0.0259173224315939	36	0.0169539032938501	14.0	0.0503051438570736	18.0	0.036717938354782	14.0	0.0401012019203047	14.0	0.0318413010597568	14.0	0.0377813580138852	23.0	0.022472568746768	13.0	0.0355819420182714	18.0	0.0177342408715065	1	1	2	2	2	3	2
186	False	cluster_transition	SI87 to BE89 includes I186S	True			False	False		202	B		B	B				1.0	0.0	1.291249394	0.844976807	9.792106042	3.268	10.69810981	Not plotted in 1987	False	False	False	False					202	0.0	0.5	0.500022234833	1.00001520064	4.48817567294	223	199	97	166	1	False						202	0.0039898368469266	2.36175578302164e-06	0.2303243454128727	1.995407197331714	0.2680135230096449	2.8694178229958306e-15	10	58	191	83	50	1	186G		22	0.0342030029623705	3	0.0990381163921645	37	0.01617362108966	9	0.0435619705689107	5.0	0.1455369843128632	13.0	0.0461400980383819	4.0	0.1387243363595826	8.0	0.0437156570301747	35.0	0.0113377492911206	44.0	0.0052248605654349	31.0	0.0118866418711477	41.0	0.0060135262116717	1	2	0	2	2	3	3
189	True	koel7_and_named_substitution	Koel 7 site; repeated effects include K189N; text notes S189N can be small	True	high_confidence_site_B	Posterior inclusion probability at least 0.95; antigenic site B.	True	False		205	B	B	B	B	P	EG3	P	1.0	3.0	0.644092424	3.359095268	4.711163063	0.5502	11.70061822		True	True	True	True	0.474	0.763	0.0887	0.905	205	0.0	1.44591418402	0.492277928168	1.94164162988	0.0	223	96	121	105	31	True	11.0	19.0	120.0	113.0	42.0	205	0.0036385625528955	2.6912358190526484e-05	0.4462461336390069	1.643055372010044	0.3412063384534782	0.0001425749598464	11	19	120	113	42	0		20.0	1	0.5593663848212987	2	0.1068924670685279	1	0.5186161429241599	3	0.0563999169185315	10.0	0.074654405655104	10.0	0.0558649119877758	8.0	0.0700507686481962	6.0	0.0490838706748807	15.0	0.0325322168394943	13.0	0.0364762081546919	15.0	0.031635787869624	9.0	0.0323443845996445	0	1	1	1	2	3	3
193	True	koel7_and_cluster_transition	Koel 7 site; SI87 to BE89 includes N193S	True	high_confidence_site_B	Posterior inclusion probability at least 0.95; antigenic site B.	True	False		209	B	B	B	B	P		P	1.0	0.0	1.245868194	1.861318188	6.287182285	1.706	9.811679612		True	False	True	True	0.672	0.845	0.098	0.936	209	0.914297840211	2.71797780427	0.0	2.7253550554	0.0	108	37	167	62	31	True	16.0	9.0	18.0	60.0	15.0	209	0.0016190470413662	8.98521254033575e-05	1.4300234917384025	2.670381732713027	0.7598560239944279	0.5314635147006211	16	9	18	60	15	0		5.0	6	0.0920076160279226	9	0.0653346452500456	8	0.0716118097033601	2	0.0590008979383444	21.0	0.0363489884181637	24.0	0.0282583381970372	22.0	0.0329008004677671	23.0	0.0218748216024297	12.0	0.0398188949681576	12.0	0.0372679455999924	14.0	0.0353899614831609	12.0	0.0250451920530324	0	1	1	0	1	1	3
196	False	cluster_transition	WU95 to SY97 set K62E/V144I/K156Q/E158K/V196A/N276K	True			False	False		212			B	B		EG3		1.0	2.0	0.419250066	0.921852542	2.998981074	0.1002	14.37644412		False	True	False	False					212	0.0	0.0	0.0	0.0	0.0	223	265	167	293	31	False						212	3.870757000427948e-08	0.0	0.1495265237083524	0.6491076189700894	0.0718409861744019	2.897847667842406e-09	274	145	246	223	96	0			42	0.016127688753436	34	0.0222408050338294	47	0.0120303705602973	38	0.0147498859141817	33.0	0.0233262137119625	15.0	0.0415755801460263	31.0	0.0231020936595859	12.0	0.0340789862954421	317.0	0.0	293.0	0.0	317.0	0.0	293.0	0.0	2	3	3	3	2	3	3
276	False	cluster_transition	WU95 to SY97 set K62E/V144I/K156Q/E158K/V196A/N276K	True			False	False		292			C	C		N		0.0	2.0	0.850110774	5.199227016	5.722218416	1.059	45.13729852		False	True	False	False					292	0.483075216046	0.961969879702	0.967936304497	1.92666320818	0.0	185	153	53	107	31	False						292	0.0004902301553778	3.559907586859013e-07	0.4277211180276491	2.875348956122284	0.1121992479109768	4.07557466358346e-07	52	96	130	52	79	0			33	0.0233646342370991	18	0.0371500931331186	44	0.0138768907935645	15	0.0333480928538344	34.0	0.0224753953426958	29.0	0.0220206069839493	30.0	0.0238627229637077	26.0	0.0191340180907632	47.0	0.0058767794830906	46.0	0.0051761799259296	49.0	0.0057388458936619	45.0	0.0047755349337016	2	2	2	2	2	3	3
